"","X","S1","S2","S3","S4","S5","S6","S7","S8","S9","S10","S11","S12","S13","T1","T2","T3","T4","T5","T6","T7","T8","T9","T10","T11","T12","T13","r","close"
"1",1,0,0,10.8485492563695,0,28.6268565983651,0,25.3115694549245,0,5.53320845464047,4.85185262375159,0,0,0,0,0,1,0,1,0,1,0,1,1,0,0,0,16.1767053684748,"FALSE"
"2",2,0,0,10.0207320705957,0,19.3919113882457,0,17.1497184996335,0,9.20057113942785,12.1126998710839,0,0,0,0,0,1,0,1,0,1,0,1,1,0,0,0,15.5971678158575,"FALSE"
"3",3,0,0,5.10654834293831,0,19.9073110191903,0,23.0004077828253,0,4.55744494394114,13.5714667377485,0,0,0,0,0,1,0,1,0,1,0,1,1,0,0,0,15.0633028056351,"FALSE"
"4",4,0,0,6.03417490262955,0,13.0542311718135,0,23.2814373229152,0,9.32458526852196,8.30847880962193,0,0,0,0,0,1,0,1,0,1,0,1,1,0,0,0,14.6019524799933,"FALSE"
"5",5,0,0,7.01080669511567,0,10.8915498685145,0,10.0927945199261,0,3.96052806604873,12.2173236371508,0,0,0,0,0,1,0,1,0,1,0,1,1,0,0,0,12.0639431720166,"FALSE"
"6",6,0,0,8.66528640582671,0,14.6679430410667,0,20.3999169608483,0,2.50984858441612,7.68850327154215,0,0,0,0,0,1,0,1,0,1,0,1,1,0,0,0,13.2137840816159,"FALSE"
"7",7,0,0,4.64616644040663,0,15.2443688240363,0,16.8521108137446,0,6.88021154933964,13.5822989506568,0,0,0,0,0,1,0,1,0,1,0,1,1,0,0,0,14.0597968103849,"FALSE"
"8",8,0,0,4.09008559345037,0,16.8099911236737,0,20.2588259279987,0,6.16523601161413,12.1572968697388,17.7899454164669,0,0,0,0,1,0,1,0,1,0,1,1,1,0,0,12.0512986578492,"FALSE"
"9",9,0,0,3.89338480698356,0,17.5834689036132,0,10.4482281091286,0,4.61001007637811,11.0948002006482,10.7658855844235,0,0,0,0,1,0,1,0,1,0,1,1,1,0,0,9.72823914161166,"FALSE"
"10",10,0,0,4.57896955873598,0,5.68399888650108,0,0,0,7.73317703011598,13.1176567253844,13.189836512227,0,0,0,0,1,0,1,0,0,0,1,1,1,0,0,9.23299345008461,"FALSE"
"11",11,0,0,3.81419137403433,0,11.4247117580801,0,0,0,9.17159113213055,17.7153055287045,15.2638106659699,0,0,0,0,1,0,1,0,0,0,1,1,1,0,0,10.9989154096221,"FALSE"
"12",12,0,0,1.2134961734349,0,6.5348399094231,0,0,0,0,18.8387345424031,6.34644196711735,0,0,0,0,1,0,1,0,0,0,0,1,1,0,0,8.55059340422144,"FALSE"
"13",13,6.62442172480309,0,3.22141606535745,0,10.1703768009879,0,0,0,0,0,10.074592049148,0,0,1,0,1,0,1,0,0,0,0,0,1,0,0,6.73279723810903,"FALSE"
"14",14,1.69556945070874,0,0,0,2.53061030290889,0,0,0,0,0,4.4542722763297,0,0,1,0,0,0,1,0,0,0,0,0,1,0,0,4.46574598640356,"FALSE"
"15",15,1.04989809146542,0,0,0,5.42416783799422,0,0,0,0,0,4.26155567963095,0,0,1,0,0,0,1,0,0,0,0,0,1,0,0,4.74467987664311,"FALSE"
"16",16,-0.424636366675803,0,0,0,5.80036062716605,0,0,0,0,0,0.395984732152055,0,0,1,0,0,0,1,0,0,0,0,0,1,0,0,4.31400233198981,"FALSE"
"17",17,0.894192060690857,0,0,0,2.50440997985474,0,0,0,0,0,6.1747029578008,0,0,1,0,0,0,1,0,0,0,0,0,1,0,0,4.50928311112851,"FALSE"
"18",18,2.55837714339756,7.61600093829857,0,0,5.2176847426364,0,0,0,0,0,6.46018903619872,0,0,1,1,0,0,1,0,0,0,0,0,1,0,0,3.57125576315077,"FALSE"
"19",19,7.3647723320324,1.69670435722363,0,0,3.23058916649317,0,0,0,0,0,5.66580361291801,0,0,1,1,0,0,1,0,0,0,0,0,1,0,0,3.10982668877254,"FALSE"
"20",20,2.04620594200293,-0.0261320058575144,0,0,2.49197151935157,0,0,0,0,0,6.33824524022514,0,0,1,1,0,0,1,0,0,0,0,0,1,0,0,2.2622455827692,"TRUE"
"21",21,0,4.42580533199344,0,0,1.28585445225766,0,0,0,0,0,1.21894921226236,0,0,0,1,0,0,1,0,0,0,0,0,1,0,0,2.91669551352235,"TRUE"
"22",22,0,2.81565880322296,0,0,0.49271954708297,0,0,0,0,0,3.84476982027221,0,0,0,1,0,0,1,0,0,0,0,0,1,0,0,2.83833655668759,"TRUE"
"23",23,0,5.63071632236961,0,0,2.32394039534815,0,0,0,0,0,7.5389928693207,0,0,0,1,0,0,1,0,0,0,0,0,1,0,0,3.69734213140373,"FALSE"
"24",24,0,6.95497480017725,0,0,1.76327688327353,0,0,0,0,0,4.76429861426994,0,0,0,1,0,0,1,0,0,0,0,0,1,0,0,3.55812128184632,"FALSE"
"25",25,0,2.47082380502888,0,0,0.281103185712156,0,0,0,0,0,3.15772296324277,0,0,0,1,0,0,1,0,0,0,0,0,1,0,0,2.71588971512284,"TRUE"
"26",26,0,4.33804479766098,0,0,0.957174609745078,0,0,0,0,0,3.42951316003828,0,0,0,1,0,0,1,0,0,0,0,0,1,0,0,3.04218420407412,"FALSE"
"27",27,0,5.09825711788881,0,0,0.457063150711987,0,0,0,0,0,7.92908675808742,0,0,0,1,0,0,1,0,0,0,0,0,1,0,0,3.42895100563613,"FALSE"
"28",28,14.2476553241751,7.498709666278,0,0,0,0,0.0527043840473349,0,0,0,6.37201974343541,0,0,1,1,0,0,0,0,1,0,0,0,1,0,0,6.14180430621191,"FALSE"
"29",29,7.09680909153177,3.06374152703178,0,0,0,1.8173418730578,0,0,0,0,4.05824460505586,0,0,1,1,0,0,0,1,0,0,0,0,1,0,0,3.21168586669253,"FALSE"
"30",30,11.7412443133144,4.79120168187614,0,0,0,0.0841931138667862,0,0,0,0,3.75611643912872,0,0,1,1,0,0,0,1,0,0,0,0,1,0,0,3.7859098101754,"FALSE"
"31",31,5.87915888765206,8.61055913633627,0,0,0,-1.35278932149956,0,0,0,0,4.26898606724924,0,0,1,1,0,0,0,1,0,0,0,0,1,0,0,3.49582253131664,"FALSE"
"32",32,1.84747383534082,12.9958824232781,0,0,0,2.4144363379439,0,0,0,0,4.22338541689414,0,0,1,1,0,0,0,1,0,0,0,0,1,0,0,3.83471368350078,"FALSE"
"33",33,9.40366767178806,9.10782120862254,0,0,0,2.02121945847102,0,0,0,0,2.39027201291275,0,0,1,1,0,0,0,1,0,0,0,0,1,0,0,4.06343641047515,"FALSE"
"34",34,5.47993973219802,16.9312227907447,0,0,0,0.625161753032291,0,0,0,0,2.99621691716476,0,0,1,1,0,0,0,1,0,0,0,0,1,0,0,4.47335977717106,"FALSE"
"35",35,8.19284804665909,22.1399125878499,0,0,0,3.72453822548566,0,0,0,0,0.637566619142799,0,0,1,1,0,0,0,1,0,0,0,0,1,0,0,5.44016697929077,"FALSE"
"36",36,4.94683641225715,12.8922115133417,0,0,0,3.74180296862034,9.59507744240414,0,0,0,2.81784571562424,0,0,1,1,0,0,0,1,1,0,0,0,1,0,0,4.26537250817849,"FALSE"
"37",37,3.55986035486841,0,0,0,0,6.57933503338267,0.607591989402027,0,0,0,2.01560726578408,0,0,1,0,0,0,0,1,1,0,0,0,1,0,0,3.90271126080237,"FALSE"
"38",38,4.23855328356926,0,0,0,0,7.32700389528224,10.3695965031552,0,0,0,-0.254272375192517,0,0,1,0,0,0,0,1,1,0,0,0,1,0,0,5.19760401037895,"FALSE"
"39",39,10.6852232493396,0,0,0,0,3.20363359455945,9.38191957614728,0,0,0,0,0,0,1,0,0,0,0,1,1,0,0,0,0,0,0,9.17759829826341,"FALSE"
"40",40,12.3926336463026,0,0,0,0,12.9655962113286,7.70230736392468,10.1965514383732,0,0,0,0,0.63206505755894,1,0,0,0,0,1,1,1,0,0,0,0,1,10.7427495915329,"FALSE"
"41",41,9.55487791789706,0,0,0,0,13.6082400610849,11.7693932600866,9.63658687789325,0,0,0,0,7.20280341541465,1,0,0,0,0,1,1,1,0,0,0,0,1,12.0735651777203,"FALSE"
"42",42,12.5908833252143,0,0,0,0,6.90599485621544,1.99502632835417,3.6298047874406,0,0,0,0,3.69935130750404,1,0,0,0,0,1,1,1,0,0,0,0,1,8.95819849143511,"FALSE"
"43",43,6.88970473346744,0,0,0,0,16.4996317123343,10.2222894648802,3.53396828817903,0,0,0,0,9.49326094646614,1,0,0,0,0,1,1,1,0,0,0,0,1,11.1635524257729,"FALSE"
"44",44,13.8602210277933,0,0,0,0,10.2199290289959,5.41615005820122,7.74657928450623,0,0,0,0,9.24901436671202,1,0,0,0,0,1,1,1,0,0,0,0,1,11.4717087236076,"FALSE"
"45",45,13.5437990621511,0,0,0,0,21.1842041660927,16.7556584521917,2.3337424394688,0,0,0,0,5.36958396559043,1,0,0,0,0,1,1,1,0,0,0,0,1,12.2660046361644,"FALSE"
"46",46,10.0156085543655,0,0,0,0,19.5628340519952,11.5204215005794,3.13610799696565,0,0,0,0,6.18124700435968,1,0,0,0,0,1,1,1,0,0,0,0,1,11.2933403654183,"FALSE"
"47",47,6.60099177392336,0,0,0,0,20.3334179223302,14.4606816347987,6.4827355512406,0,0,0,0,5.93727717924797,1,0,0,0,0,1,1,1,0,0,0,0,1,11.8804296182478,"FALSE"
"48",48,14.4222585167609,0,0,0,0,13.9490174952667,9.42438136409626,11.1288378584377,0,0,0,0,9.87865670350388,1,0,0,0,0,1,1,1,0,0,0,0,1,13.0429411422224,"FALSE"
"49",49,6.39665190427233,0,0,0,0,0,18.8928348914006,5.22004142013036,0,0,0,0,6.85070072448121,1,0,0,0,0,0,1,1,0,0,0,0,1,13.6179082852061,"FALSE"
"50",50,11.8863904768645,0,0,0,0,0,15.1838497547789,9.44932990892149,0,0,0,0,8.03416698880521,1,0,0,0,0,0,1,1,0,0,0,0,1,14.6398394055191,"FALSE"
"51",51,0,0,16.4440251632456,0,0,0,18.4413608981467,0,10.2997063645525,12.4496603110255,0,0,0,0,0,1,0,0,0,1,0,1,1,0,0,0,17.5477651894115,"FALSE"
"52",52,0,0,13.5552894588862,0,0,0,9.40219591489604,0,10.982503101326,10.0546099154871,0,0,0,0,0,1,0,0,0,1,0,1,1,0,0,0,15.7342602813518,"FALSE"
"53",53,0,0,12.3605147539056,0,0,0,14.4352377691616,0,10.7602687540853,13.5131753971794,0,0,0,0,0,1,0,0,0,1,0,1,1,0,0,0,16.7244152961105,"FALSE"
"54",54,0,0,13.7917143703819,0,0,0,9.06099704944775,0,8.41686930791393,12.1523738125066,0,0,0,0,0,1,0,0,0,1,0,1,1,0,0,0,15.4758051662915,"FALSE"
"55",55,0,0,20.2383223546988,0,0,0,9.04857383278144,0,5.77692166083575,12.449234997267,0,0,0,0,0,1,0,0,0,1,0,1,1,0,0,0,15.7831451351694,"FALSE"
"56",56,28.5095883344892,0,18.0114246146451,0,0,0,15.9939401882076,0,7.79542749244369,4.63285805798864,0,0,0,1,0,1,0,0,0,1,0,1,1,0,0,0,18.0725542723662,"FALSE"
"57",57,32.0412543729266,0,8.04424674856705,0,0,0,16.9566365539525,0,6.09772220423215,9.0560116300192,0,0,0,1,0,1,0,0,0,1,0,1,1,0,0,0,17.6074092830433,"FALSE"
"58",58,11.3680365424294,0,7.44039408439587,0,0,0,14.7083636379076,0,2.97839909511738,9.02672740811695,0,0,0,1,0,1,0,0,0,1,0,1,1,0,0,0,14.1994340736421,"FALSE"
"59",59,16.2255471710693,0,9.7680395999913,0,0,0,14.5268997213443,0,5.01625083025394,10.346012487007,0,0,0,1,0,1,0,0,0,1,0,1,1,0,0,0,15.6483862301171,"FALSE"
"60",60,23.1250352811244,0,15.3104701904798,0,0,0,8.42819269920384,0,7.07587166095245,5.7636292832278,0,0,0,1,0,1,0,0,0,1,0,1,1,0,0,0,16.0826878362175,"FALSE"
"61",61,14.7792772437239,0,10.0785159089282,0,0,0,15.2361518061779,0,6.50496792341781,14.3103068696994,0,0,0,1,0,1,0,0,0,1,0,1,1,0,0,0,16.5075908548145,"FALSE"
"62",62,13.1965153780434,0,14.217906773403,0,0,0,9.57721303223985,0,4.07480228068357,7.69178486750012,0,0,0,1,0,1,0,0,0,1,0,1,1,0,0,0,14.6107414016655,"FALSE"
"63",63,8.06314253103078,0,7.41516594480982,0,0,0,10.5159095164771,0,2.93522367495017,7.72205688318545,0,0,0,1,0,1,0,0,0,1,0,1,1,0,0,0,13.0459332618898,"FALSE"
"64",64,17.0098643890729,0,9.93642557318302,0,0,0,11.1493163630611,0,5.83685102373595,7.49077795485766,0,0,0,1,0,1,0,0,0,1,0,1,1,0,0,0,15.0575403511997,"FALSE"
"65",65,9.64839767967642,0,6.59178727135132,0,10.9571508620405,0,16.0934805031665,0,7.56106482370355,9.03498503909747,0,0,0,1,0,1,0,1,0,1,0,1,1,0,0,0,13.3170739463888,"FALSE"
"66",66,6.49851374315222,0,7.9049226780153,0,26.8042537652571,0,7.3318644998563,0,4.84516432364604,10.9053759030475,0,0,0,1,0,1,0,1,0,1,0,1,1,0,0,0,13.6303526849338,"FALSE"
"67",67,2.31338419874239,0,10.7539450436552,0,13.2627827853828,0,9.94793016947809,0,1.42691369362748,13.1924041607005,0,0,0,1,0,1,0,1,0,1,0,1,1,0,0,0,11.7607962046791,"FALSE"
"68",68,2.98865893465069,0,3.09909417116833,0,16.2377994258711,0,10.2114948601039,0,1.36430978181781,12.9748275813887,0,0,0,1,0,1,0,1,0,1,0,1,1,0,0,0,11.2268701682846,"FALSE"
"69",69,5.57416479996062,0,6.74246486783929,0,3.70506002741672,0,11.2915395952573,0,2.29029218119684,9.59754468238986,17.8445135212621,0,0,1,0,1,0,1,0,1,0,1,1,1,0,0,8.00925280626241,"FALSE"
"70",70,1.742635502955,0,0,0,9.92310121118585,0,9.71731304484414,0,2.09446342184604,10.9563182970323,8.64372923997287,0,0,1,0,0,0,1,0,1,0,1,1,1,0,0,6.82855870832842,"FALSE"
"71",71,7.58626285922037,0,0,0,15.6483080132443,0,7.29045810634983,0,2.15682266353775,14.4213946693551,11.5545463688005,0,0,1,0,0,0,1,0,1,0,1,1,1,0,0,8.63495594437416,"FALSE"
"72",72,3.56645417206442,0,0,0,14.4501217148096,0,4.58231410758383,0,4.50379936006515,16.6985381284551,8.8336871205504,0,0,1,0,0,0,1,0,1,0,1,1,1,0,0,8.25915487298222,"FALSE"
"73",73,3.38716068357511,0,0,0,2.56495632507042,0,11.4556378485726,0,3.18979830184341,9.24630749773212,10.4238834983081,0,0,1,0,0,0,1,0,1,0,1,1,1,0,0,6.4481649971189,"FALSE"
"74",74,3.62704705212393,0,0,0,1.06046121834468,0,10.2500099920868,0,0,14.6879951145516,16.1007146222151,0,0,1,0,0,0,1,0,1,0,0,1,1,0,0,7.68773745656408,"FALSE"
"75",75,1.19037808958189,0,0,0,7.21183212634533,0,7.7469196728491,0,0,16.3801922646995,8.08508715204532,0,0,1,0,0,0,1,0,1,0,0,1,1,0,0,7.44804667685304,"FALSE"
"76",76,0.849296920761331,0,0,0,1.02912700343824,0,4.80427658912967,0,0,0,8.68280696543401,0,0,1,0,0,0,1,0,1,0,0,0,1,0,0,3.95986173224225,"FALSE"
"77",77,4.17593254284428,0,0,0,9.83260506062696,0,5.62834487527254,0,0,0,6.76949175426868,0,0,1,0,0,0,1,0,1,0,0,0,1,0,0,5.41818172466637,"FALSE"
"78",78,2.53562215605857,0,0,0,3.07699115918184,0,6.57687038891861,0,0,0,5.65967492329656,0,0,1,0,0,0,1,0,1,0,0,0,1,0,0,4.41341896173907,"FALSE"
"79",79,4.28825730091034,0,0,0,5.6960691600115,0,11.6505369142133,0,0,0,6.08817873418726,0,0,1,0,0,0,1,0,1,0,0,0,1,0,0,5.6784098662821,"FALSE"
"80",80,1.80599131188108,0,0,0,3.80344598789723,0,11.0492857989551,0,0,0,5.78867790247575,0,0,1,0,0,0,1,0,1,0,0,0,1,0,0,5.04810592528503,"FALSE"
"81",81,0.981235590183355,0,0,0,6.76162630735863,0,7.08188832736078,0,0,0,8.31166529562651,0,0,1,0,0,0,1,0,1,0,0,0,1,0,0,4.98735478415184,"FALSE"
"82",82,3.67496576530094,0,0,0,6.07786646178944,0,0,0,0,0,6.69991274850486,0,0,1,0,0,0,1,0,0,0,0,0,1,0,0,5.32280471047261,"FALSE"
"83",83,3.78183611563134,0,0,0,2.01419993255742,0,0,0,0,0,7.66006618078372,0,0,1,0,0,0,1,0,0,0,0,0,1,0,0,4.89530552439938,"FALSE"
"84",84,3.37560959665899,5.55672211899009,0,0,6.29827474064256,0,0,0,0,0,4.59076710962265,0,0,1,1,0,0,1,0,0,0,0,0,1,0,0,3.41069407720433,"FALSE"
"85",85,4.39119071884338,5.65135688042969,0,0,3.63139826281451,0,0,0,0,0,7.13891698944847,0,0,1,1,0,0,1,0,0,0,0,0,1,0,0,3.40300811576677,"FALSE"
"86",86,6.79866428133746,5.28956628894831,0,0,0.856801730270025,0,0,0,0,0,5.95384708722725,0,0,1,1,0,0,1,0,0,0,0,0,1,0,0,3.18696661949434,"FALSE"
"87",87,0.204166633240329,2.87591038721983,0,0,1.75613040818899,0,0,0,0,0,5.4746674663095,0,0,1,1,0,0,1,0,0,0,0,0,1,0,0,2.2289615687887,"TRUE"
"88",88,13.823428620034,2.8316014110995,0,0,0.167885539737582,0,0,0,0,0,7.01391299375294,0,0,1,1,0,0,1,0,0,0,0,0,1,0,0,3.69739027747991,"FALSE"
"89",89,7.00973566150712,3.7825356724481,0,0,0.111476100778241,0,0,0,0,0,4.52195436622065,0,0,1,1,0,0,1,0,0,0,0,0,1,0,0,2.82488084429584,"TRUE"
"90",90,0,4.61948479085227,0,0,1.15665299398375,0,0,0,0,0,5.44316315626075,0,0,0,1,0,0,1,0,0,0,0,0,1,0,0,3.26222536899154,"FALSE"
"91",91,0,9.79067750926811,0,0,1.06587325094495,0,0,0,0,0,3.0450504635327,0,0,0,1,0,0,1,0,0,0,0,0,1,0,0,3.66314068447035,"FALSE"
"92",92,0,3.13494828330796,0,0,0.169406513212024,0,0,0,0,0,2.8963741209941,0,0,0,1,0,0,1,0,0,0,0,0,1,0,0,2.75840181272057,"TRUE"
"93",93,0,5.22046657193548,0,0,0.761524071480877,0,0,0,0,0,4.14378301114472,0,0,0,1,0,0,1,0,0,0,0,0,1,0,0,3.17792638285543,"FALSE"
"94",94,0,5.90029206364556,0,0,1.3743218099915,0,0,0,0,0,6.05949147083266,0,0,0,1,0,0,1,0,0,0,0,0,1,0,0,3.48927995351027,"FALSE"
"95",95,0,2.9953865406795,0,0,4.91966403017952,2.3195561477541,0,0,0,0,6.40297374514009,0,0,0,1,0,0,1,1,0,0,0,0,1,0,0,1.04426827083562,"TRUE"
"96",96,0,9.29727551925998,0,0,4.68401812307803,2.50917984556091,0,0,0,0,6.50346996701623,0,0,0,1,0,0,1,1,0,0,0,0,1,0,0,1.77429655296937,"TRUE"
"97",97,0,3.77122772130853,0,0,0,0.273973345012673,0,0,0,0,6.82835632737474,0,0,0,1,0,0,0,1,0,0,0,0,1,0,0,3.5212092838997,"FALSE"
"98",98,0,8.72898248193634,0,0,0,1.58415602556294,0,0,0,0,5.97497987754532,0,0,0,1,0,0,0,1,0,0,0,0,1,0,0,4.13322994551394,"FALSE"
"99",99,0,1.80077805629362,0,0,0,2.92089102911176,0,0,0,0,2.2141104063019,0,0,0,1,0,0,0,1,0,0,0,0,1,0,0,3.12297155294196,"FALSE"
"100",100,0,5.13979166545826,0,0,0,1.71044652322018,0,0,0,0,9.59039773213565,0,0,0,1,0,0,0,1,0,0,0,0,1,0,0,4.01334008073253,"FALSE"
"101",101,0,0,2.4980575996779,0,5.88714163124674,0,0,0,0,26.4729371314874,17.0598070163702,0,0,0,0,1,0,1,0,0,0,0,1,1,0,0,10.5930023766067,"FALSE"
"102",102,0,0,5.58747295993873,0,4.90920606173315,0,0,0,0,0,19.6217148430124,0,0,0,0,1,0,1,0,0,0,0,0,1,0,0,7.31013397478124,"FALSE"
"103",103,0,0,2.78129267543003,0,9.57835582523419,0,0,0,0,0,11.2928392371335,0,0,0,0,1,0,1,0,0,0,0,0,1,0,0,6.87536984317876,"FALSE"
"104",104,0,0,6.84481286290394,5.34179249493121,8.27820718667916,0,0,0,0,0,11.097255868468,0,0,0,0,1,1,1,0,0,0,0,0,1,0,0,9.28804455208715,"FALSE"
"105",105,0,0,3.83127386816324,3.13590753517729,8.91002583757106,0,0,0,0,0,9.24357226524263,0,0,0,0,1,1,1,0,0,0,0,0,1,0,0,8.39866016792752,"FALSE"
"106",106,0,0,0,6.47421158937319,1.31045099849797,0,0,0,0,0,11.49677774682,0,0,0,0,0,1,1,0,0,0,0,0,1,0,0,7.91051881997039,"FALSE"
"107",107,0,0,0,5.82422057143471,6.34214099927458,0,0,0,0,0,9.60162815530311,0,0,0,0,0,1,1,0,0,0,0,0,1,0,0,8.27011368983493,"FALSE"
"108",108,0,0,0,1.5002477173406,4.62120888583358,0,0,0,0,0,8.89278451385831,0,0,0,0,0,1,1,0,0,0,0,0,1,0,0,7.14221350567526,"FALSE"
"109",109,0,0,0,1.96843575700795,1.12954360052281,0,0,0,0,0,8.58135818084167,0,0,0,0,0,1,1,0,0,0,0,0,1,0,0,6.76540789416062,"FALSE"
"110",110,0,0,0,0.430047821412898,2.39865028160508,0,0,0,0,0,5.49603601572612,0,0,0,0,0,1,1,0,0,0,0,0,1,0,0,6.3758246571818,"FALSE"
"111",111,0,0,0,1.89619208980426,2.60691838443791,0,0,0,0,0,8.14464181409119,0,0,0,0,0,1,1,0,0,0,0,0,1,0,0,6.9039791373887,"FALSE"
"112",112,0,0,0,1.41564860061388,2.5405060739282,0,0,0,0,0,5.75023771961272,0,0,0,0,0,1,1,0,0,0,0,0,1,0,0,6.60851072777215,"FALSE"
"113",113,0,4.56131353907771,0,2.70890684671551,5.27752198412486,0,0,0,0,0,12.1480749536843,0,0,0,1,0,1,1,0,0,0,0,0,1,0,0,5.87224741951159,"FALSE"
"114",114,0,0.655396004136103,0,2.64599020349359,2.53370321839828,0,0,0,0,0,5.02121187494297,0,0,0,1,0,1,1,0,0,0,0,0,1,0,0,4.4814236526222,"FALSE"
"115",115,0,1.10704930886025,0,0,3.07167936159642,0,0,0,0,0,10.2895515438011,0,0,0,1,0,0,1,0,0,0,0,0,1,0,0,3.48405237904111,"FALSE"
"116",116,0,1.49476633504516,0,0,4.7583989576675,0,0,0,0,0,5.86949309153213,0,0,0,1,0,0,1,0,0,0,0,0,1,0,0,3.38889944317344,"FALSE"
"117",117,0,3.3377484095761,0,0,5.23632818583823,0,0,0,0,0,6.11238786082972,0,0,0,1,0,0,1,0,0,0,0,0,1,0,0,3.68483793302546,"FALSE"
"118",118,0,1.62275386802624,0,0,3.26071960097119,0,0,0,0,0,6.46494389979785,0,0,0,1,0,0,1,0,0,0,0,0,1,0,0,3.26123502060689,"FALSE"
"119",119,0,4.12678786547998,0,0,3.88488485101383,0,0,0,0,0,9.53860671906818,0,0,0,1,0,0,1,0,0,0,0,0,1,0,0,3.8804948276466,"FALSE"
"120",120,0,4.4151798823218,0,0,2.56283146361807,0,0,0,0,0,3.20584199055986,0,0,0,1,0,0,1,0,0,0,0,0,1,0,0,3.23744436804974,"FALSE"
"121",121,0,1.09549379838612,0,0,2.88657436287599,0,0,0,0,0,7.47785522471807,0,0,0,1,0,0,1,0,0,0,0,0,1,0,0,3.23331746242075,"FALSE"
"122",122,0,4.45809420588846,0,0,2.55956542037512,0,0,0,0,0,2.81821874650637,0,0,0,1,0,0,1,0,0,0,0,0,1,0,0,3.21091562276117,"FALSE"
"123",123,0,2.99555772916501,0,0,1.71314649125787,0,0,0,0,0,8.346011252373,0,0,0,1,0,0,1,0,0,0,0,0,1,0,0,3.37614522946256,"FALSE"
"124",124,0,3.37133778907217,0,0,0.568988957621644,0,0,0,0,0,4.89439409326828,0,0,0,1,0,0,1,0,0,0,0,0,1,0,0,2.99736452385396,"TRUE"
"125",125,0,1.29798028639257,0,0,1.01732273278956,0,0,0,0,0,5.76449387057106,0,0,0,1,0,0,1,0,0,0,0,0,1,0,0,2.88166610813085,"TRUE"
"126",126,0,3.73598172067191,0,0,1.0511071554579,0,0,0,0,0,3.93651486499268,0,0,0,1,0,0,1,0,0,0,0,0,1,0,0,3.02440616704951,"FALSE"
"127",127,0,5.25109939820526,0,0,1.24316649082532,0,0,0,0,0,5.8164167078299,0,0,0,1,0,0,1,0,0,0,0,0,1,0,0,3.37711371123894,"FALSE"
"128",128,0,7.81003992414232,0,0,1.40260265917797,2.47340777076486,0,0,0,0,7.31042400903626,0,0,0,1,0,0,1,1,0,0,0,0,1,0,0,1.24503248094262,"TRUE"
"129",129,0,8.93620999561392,0,0,0,0.573619680924354,0,0,0,0,3.91544097444464,0,0,0,1,0,0,0,1,0,0,0,0,1,0,0,3.91456806232679,"FALSE"
"130",130,0,3.60219341759654,0,0,0,1.13132555094678,0,0,0,0,5.68925030778578,0,0,0,1,0,0,0,1,0,0,0,0,1,0,0,3.47567222291985,"FALSE"
"131",131,0,10.0728904213169,0,0,0,-0.0850799689724456,0,0,0,0,4.88984276763358,0,0,0,1,0,0,0,1,0,0,0,0,1,0,0,4.07533180233811,"FALSE"
"132",132,0,9.34050262818695,0,0,0,1.20884540963572,0,0,0,0,5.49179006528573,0,0,0,1,0,0,0,1,0,0,0,0,1,0,0,4.13719624191852,"FALSE"
"133",133,18.4349280007862,7.26281087538924,0,0,0,1.35158225489836,0,0,0,0,3.50072439791684,0,0,1,1,0,0,0,1,0,0,0,0,1,0,0,4.91454556032963,"FALSE"
"134",134,6.08226710712891,11.1122703598316,0,0,0,-0.162635953489451,0,0,0,0,2.82591614328902,0,0,1,1,0,0,0,1,0,0,0,0,1,0,0,3.78703720253014,"FALSE"
"135",135,21.5929383257111,7.09876103051784,0,0,0,2.55636577163606,0,0,0,0,3.56008623748753,0,0,1,1,0,0,0,1,0,0,0,0,1,0,0,5.35236122597013,"FALSE"
"136",136,12.154784912215,8.09006138511258,0,0,0,2.63711427037121,0,0,0,0,3.87800637382836,0,0,1,1,0,0,0,1,0,0,0,0,1,0,0,4.42456965463876,"FALSE"
"137",137,10.2145185179133,12.2400728360196,0,0,0,4.12596623144846,0,0,0,0,4.30663021071133,0,0,1,1,0,0,0,1,0,0,0,0,1,0,0,4.83764850120793,"FALSE"
"138",138,18.0851512751919,12.9810304747729,0,0,0,1.83377402612667,0,0,0,0,3.27758464295198,0,0,1,1,0,0,0,1,0,0,0,0,1,0,0,5.56282608477813,"FALSE"
"139",139,18.2333319262194,12.6181086561876,0,0,0,4.47936730740321,0,0,0,0,4.68554878134291,0,0,1,1,0,0,0,1,0,0,0,0,1,0,0,5.85318753465287,"FALSE"
"140",140,22.9052531108379,10.3820372299555,0,0,0,3.35350939844906,0,0,0,0,0,1.63093863461561,0,1,1,0,0,0,1,0,0,0,0,0,1,0,7.94687368798889,"FALSE"
"141",141,14.7301974952266,8.30309899373907,0,0,0,6.55806911617188,0,0,0,0,0,0.41211562375843,0,1,1,0,0,0,1,0,0,0,0,0,1,0,6.66717312954423,"FALSE"
"142",142,21.1454502155039,13.7631121794596,0,0,0,1.7881197549331,0,0,0,0,0,-0.175490719598186,0,1,1,0,0,0,1,0,0,0,0,0,1,0,7.5023403588454,"FALSE"
"143",143,21.3745689480356,11.3966324449773,0,0,0,5.39280286052626,0,0,0,0,0,0.593739070822703,0,1,1,0,0,0,1,0,0,0,0,0,1,0,7.7491925673104,"FALSE"
"144",144,18.4528966238172,15.8415049563323,0,0,0,3.56567896293341,0,0,0,0,0,2.77905609179127,0,1,1,0,0,0,1,0,0,0,0,0,1,0,8.42483163821124,"FALSE"
"145",145,25.2798357162262,12.1782659815435,0,0,0,6.17765978399485,0,0,0,0,0,-0.258916564483866,0,1,1,0,0,0,1,0,0,0,0,0,1,0,8.10059613563775,"FALSE"
"146",146,20.8683062219029,16.8834885266041,0,0,0,4.71433818109634,0,0,0,0,0,0.71987847881152,0,1,1,0,0,0,1,0,0,0,0,0,1,0,8.31778113406552,"FALSE"
"147",147,24.8534972563068,11.921083147898,0,0,0,3.59276683133089,0,0,0,0,0,1.50808410925928,0,1,1,0,0,0,1,0,0,0,0,0,1,0,8.33197491193406,"FALSE"
"148",148,0,18.558714006885,0,0,0,3.99451791767862,0,0,0,0,0,3.04721729496063,0,0,1,0,0,0,1,0,0,0,0,0,1,0,7.68129569624684,"FALSE"
"149",149,0,12.7121415171538,0,0,0,5.30377309204754,0,0,0,0,0,2.51562995474199,0,0,1,0,0,0,1,0,0,0,0,0,1,0,6.94467103475285,"FALSE"
"150",150,0,8.25966921384896,0,0,0,9.43534243309438,0,0,0,0,0,1.09926181485431,0,0,1,0,0,0,1,0,0,0,0,0,1,0,6.33307701307754,"FALSE"
"151",151,0,6.15216676247084,0,3.71959427162367,3.35411331409215,0,0,0,0,0,5.98913662272426,0,0,0,1,0,1,1,0,0,0,0,0,1,0,0,5.51825372732168,"FALSE"
"152",152,0,1.23421971770099,0,0,3.37718359655413,0,0,0,0,0,5.34257734105764,0,0,0,1,0,0,1,0,0,0,0,0,1,0,0,3.14043285862257,"FALSE"
"153",153,0,1.54917474032306,0,0,2.12971754869792,0,0,0,0,0,7.3673481259285,0,0,0,1,0,0,1,0,0,0,0,0,1,0,0,3.18127285743297,"FALSE"
"154",154,0.867180344111024,0,0,0,5.95648935314991,0,0,0,0,0,6.17406596876423,0,0,1,0,0,0,1,0,0,0,0,0,1,0,0,4.94517410052291,"FALSE"
"155",155,-0.287282134782128,0,0,0,6.57973934142138,0,0,0,0,0,4.81141051336009,0,0,1,0,0,0,1,0,0,0,0,0,1,0,0,4.78342952048926,"FALSE"
"156",156,0.562332726932147,0,0,0,7.69640257551046,0,10.7045635333119,0,0,16.4375204602944,5.44399886445496,0,0,1,0,0,0,1,0,1,0,0,1,1,0,0,7.64098216509444,"FALSE"
"157",157,1.97218303172116,0,0,0,8.6075679611234,0,7.4024133739303,0,2.15113202294568,9.46737218736867,13.4781788134622,0,0,1,0,0,0,1,0,1,0,1,1,1,0,0,6.5549056422909,"FALSE"
"158",158,7.09049122516224,0,0,0,0,0,4.98761426569408,0,3.30324801961195,9.90059835897843,15.0375299786846,0,0,1,0,0,0,0,0,1,0,1,1,1,0,0,9.2778173464821,"FALSE"
"159",159,2.56921449850987,0,0,0,0,0,9.73475760201986,0,1.48087918905684,6.54846352360785,0,0,0,1,0,0,0,0,0,1,0,1,1,0,0,0,11.015304180916,"FALSE"
"160",160,5.14051321066559,0,0,0,0,0,3.78904336531324,0,3.12970211486736,7.85735152692156,0,0,0,1,0,0,0,0,0,1,0,1,1,0,0,0,11.0287510240864,"FALSE"
"161",161,8.14660063766963,0,0,0,0,0,6.71426089386435,0,-0.251052833795891,7.5216207756737,0,0,0,1,0,0,0,0,0,1,0,1,1,0,0,0,11.0084178645684,"FALSE"
"162",162,8.09321993245879,0,0,0,0,0,5.63224442532888,0,3.05061098939173,3.59009575383858,0,0,0,1,0,0,0,0,0,1,0,1,1,0,0,0,10.987272196435,"FALSE"
"163",163,4.92304315835441,0,0,0,0,0,7.36397385194385,0,1.32102742567744,4.24820727858103,0,0,0,1,0,0,0,0,0,1,0,1,1,0,0,0,10.5922510411402,"FALSE"
"164",164,8.46839417969238,0,0,0,0,0,4.18240452853931,0,4.38517504710567,5.87845970668058,0,0,0,1,0,0,0,0,0,1,0,1,1,0,0,0,11.4432256605375,"FALSE"
"165",165,6.21654877043412,0,0,0,0,0,11.3657010671317,0,3.85205338596221,4.27627089450725,0,0,0,1,0,0,0,0,0,1,0,1,1,0,0,0,11.8306993922352,"FALSE"
"166",166,2.40798161359439,0,0,0,0,0,6.37854651182594,0.826414593115007,5.77577768446132,2.64163666355448,0,0,0,1,0,0,0,0,0,1,1,1,1,0,0,0,10.8845991206492,"FALSE"
"167",167,4.36187385214821,0,0,0,0,0,7.92118053505069,6.56305478037244,6.75168993468258,4.21511860459962,0,0,0,1,0,0,0,0,0,1,1,1,1,0,0,0,12.7043638347724,"FALSE"
"168",168,10.2186859914124,0,0,0,0,0,9.46807850991639,-0.190826062020778,6.80460824539006,3.27387215162665,0,0,0,1,0,0,0,0,0,1,1,1,1,0,0,0,12.3400654429114,"FALSE"
"169",169,7.31857800144296,0,0,0,0,0,7.42396911693777,2.09555381861891,6.7748786484999,5.03715038339605,0,0,0,1,0,0,0,0,0,1,1,1,1,0,0,0,12.3553317638932,"FALSE"
"170",170,5.0992107693224,0,0,0,0,0,4.34703225156663,4.09365497267549,3.19967480464205,1.39327162131969,0,0,0,1,0,0,0,0,0,1,1,1,1,0,0,0,10.7276992083148,"FALSE"
"171",171,9.22758048928683,0,0,0,0,0,4.41599503623523,5.11377417335373,0,4.77132744630258,0,0,0,1,0,0,0,0,0,1,1,0,1,0,0,0,12.1908608498129,"FALSE"
"172",172,9.23011822396169,0,0,0,0,0,7.73419408120596,6.94577869881854,0,5.75848167878049,0,0,0,1,0,0,0,0,0,1,1,0,1,0,0,0,13.0935136961298,"FALSE"
"173",173,8.14631795605871,0,0,0,0,0,3.99309686249116,5.40121674699667,0,2.16143203470185,0,0,0,1,0,0,0,0,0,1,1,0,1,0,0,0,11.6812177440515,"FALSE"
"174",174,10.5061685637269,0,0,0,0,0,5.76099377975515,3.19729048211369,0,6.22523778032341,0,0,0,1,0,0,0,0,0,1,1,0,1,0,0,0,12.4131267320618,"FALSE"
"175",175,4.59862213321868,0,0,0,0,0,7.9372830400125,5.14735365602152,0,8.2389087864475,0,0,0,1,0,0,0,0,0,1,1,0,1,0,0,0,12.6527026020739,"FALSE"
"176",176,5.27672177137214,0,0,0,0,0,6.71874488830965,7.65340807630765,0,2.46453310450138,0,0,0,1,0,0,0,0,0,1,1,0,1,0,0,0,12.1462397816208,"FALSE"
"177",177,5.35744842650328,0,0,0,0,0,1.01444550074739,2.53294250252548,0,3.99354412623481,0,0,0,1,0,0,0,0,0,1,1,0,1,0,0,0,10.7419896220492,"FALSE"
"178",178,10.5984937789015,0,0,0,0,0,5.26263227025,3.09521914586858,0,2.7835764602109,0,0,0,1,0,0,0,0,0,1,1,0,1,0,0,0,11.8424308678605,"FALSE"
"179",179,6.54463335181292,0,0,0,0,0,11.5754564432554,2.97270686327546,0,4.0353573365272,0,0,0,1,0,0,0,0,0,1,1,0,1,0,0,0,12.4086619529302,"FALSE"
"180",180,6.44659111837152,0,0,0,0,0,5.51274344218069,5.39121316053112,0,2.56186143881758,0,0,0,1,0,0,0,0,0,1,1,0,1,0,0,0,11.7525419698771,"FALSE"
"181",181,10.309494228809,0,0,0,0,0,5.62390235811693,2.03830226684684,0,7.13662435482666,0,0,0,1,0,0,0,0,0,1,1,0,1,0,0,0,12.3109306009469,"FALSE"
"182",182,9.99584192296653,0,0,0,0,0,1.6602605818105,5.21211055517972,0,2.73561151615461,0,0,0,1,0,0,0,0,0,1,1,0,1,0,0,0,11.622492634407,"FALSE"
"183",183,8.03236604257662,0,0,0,0,0,8.30740136090379,5.97031260076735,0,6.12585115565934,0,0,0,1,0,0,0,0,0,1,1,0,1,0,0,0,12.9270005929417,"FALSE"
"184",184,6.18022599537003,0,0,0,0,0,6.51659203149842,5.24164150158065,0,1.88997901679875,0,0,4.18169381520699,1,0,0,0,0,0,1,1,0,1,0,0,1,11.6514356758368,"FALSE"
"185",185,8.93743218254991,0,0,0,0,0,9.40328050946476,3.29502351913238,0,13.297326715406,0,0,0.267803272812758,1,0,0,0,0,0,1,1,0,1,0,0,1,13.0048366604541,"FALSE"
"186",186,9.54540190773105,0,0,0,0,0,8.55896522254144,2.9456430124322,0,0,0,0,9.00934455122785,1,0,0,0,0,0,1,1,0,0,0,0,1,12.5523363339097,"FALSE"
"187",187,11.5500241932303,0,0,0,0,0,12.6583757785139,4.68857594759718,0,0,0,0,5.48521240052812,1,0,0,0,0,0,1,1,0,0,0,0,1,13.0230179559937,"FALSE"
"188",188,5.65672964481678,0,0,0,0,20.4047421523537,9.77685389170736,8.55242608236293,0,0,0,0,1.99035985023059,1,0,0,0,0,1,1,1,0,0,0,0,1,10.7935428512849,"FALSE"
"189",189,10.41681929134,0,0,0,0,5.15807060246209,9.57001122676825,5.16286608692362,0,0,0,0,2.92067609274127,1,0,0,0,0,1,1,1,0,0,0,0,1,9.73754089292535,"FALSE"
"190",190,10.792790620618,0,0,0,0,10.3809918855611,11.5991783490375,4.33450905361604,0,0,0,0,4.80845219989153,1,0,0,0,0,1,1,1,0,0,0,0,1,10.6496153114555,"FALSE"
"191",191,14.6696995126513,0,0,0,0,16.0108780710473,6.78288534820286,9.69702986495934,0,0,0,0,5.32602239052303,1,0,0,0,0,1,1,1,0,0,0,0,1,11.8397094174733,"FALSE"
"192",192,5.25132778804525,0,0,0,0,4.63325402320447,11.5701316724456,3.22596550615531,0,0,0,0,2.25200884833414,1,0,0,0,0,1,1,1,0,0,0,0,1,8.94667247457758,"FALSE"
"193",193,12.4921297595425,0,0,0,0,11.5550738590426,14.3749322607193,6.61130434732442,0,0,0,0,2.90884160683736,1,0,0,0,0,1,1,1,0,0,0,0,1,11.3634925433922,"FALSE"
"194",194,15.2699254407324,0,0,0,0,10.3084419099012,16.450132848702,8.80784352185294,0,0,0,0,2.98183706042358,1,0,0,0,0,1,1,1,0,0,0,0,1,12.2467728902731,"FALSE"
"195",195,11.5131088581105,0,0,0,0,17.2635186683716,15.8666503072605,14.236829500648,0,0,0,0,4.2955849829079,1,0,0,0,0,1,1,1,0,0,0,0,1,13.3996829770776,"FALSE"
"196",196,8.09352277195947,0,0,0,0,7.35070258154254,16.367879148013,11.3228535474988,0,0,0,0,2.88772665500269,1,0,0,0,0,1,1,1,0,0,0,0,1,11.5916913650102,"FALSE"
"197",197,15.9412595905229,0,0,0,0,12.1270001111909,0,12.9580560174449,0,0,0,0,2.83746565659782,1,0,0,0,0,1,0,1,0,0,0,0,1,12.0824937271102,"FALSE"
"198",198,10.222450368629,0,0,0,0,7.48558109995583,0,14.4494431614512,0,0,0,0,3.37812261238518,1,0,0,0,0,1,0,1,0,0,0,0,1,11.4159451855548,"FALSE"
"199",199,14.8222874502644,0,0,0,0,10.5103532551173,0,10.2912143830657,0,0,0,0,8.06373387463419,1,0,0,0,0,1,0,1,0,0,0,0,1,12.2942494653156,"FALSE"
"200",200,10.2903914333125,0,0,0,0,10.481042076644,0,12.7175904983216,0,0,0,0,8.54516141170374,1,0,0,0,0,1,0,1,0,0,0,0,1,12.2613857562483,"FALSE"
"201",201,28.7044475029183,0,13.8225942044818,0,0,0,10.6484758752486,0,15.2344752890114,13.1691898155964,0,0,0,1,0,1,0,0,0,1,0,1,1,0,0,0,19.6297895563777,"FALSE"
"202",202,26.642679535004,0,16.5560909126202,0,0,0,9.70151571390137,0,6.5211609627512,5.11873508136922,0,0,0,1,0,1,0,0,0,1,0,1,1,0,0,0,16.6077524578764,"FALSE"
"203",203,10.0461147381819,0,14.6626412744665,0,0,0,15.2114441790115,0,8.84535526694416,6.41632114794391,0,0,0,1,0,1,0,0,0,1,0,1,1,0,0,0,15.9113770740485,"FALSE"
"204",204,17.7131861113009,0,26.6010100492151,0,0,0,8.60662248901601,0,9.31041913431807,10.7506187778934,0,0,0,1,0,1,0,0,0,1,0,1,1,0,0,0,18.1293865234793,"FALSE"
"205",205,11.626303690515,0,16.2074391184657,0,0,0,11.8123941013373,0,9.45108352870017,10.7163041122344,0,0,0,1,0,1,0,0,0,1,0,1,1,0,0,0,16.5697442323328,"FALSE"
"206",206,15.7911084480154,0,20.6179815418987,0,0,0,11.0652567568025,0,1.74840341457091,5.71426906025638,0,0,0,1,0,1,0,0,0,1,0,1,1,0,0,0,15.1530101646945,"FALSE"
"207",207,14.8646819182829,0,18.3452478124735,0,0,0,8.59224292704017,0,11.2128218006277,7.3795346255843,0,0,0,1,0,1,0,0,0,1,0,1,1,0,0,0,16.6627404933192,"FALSE"
"208",208,13.2821489588677,0,0,0,0,0,6.55781402031435,0,5.83128182045043,7.13824004099073,0,0,0,1,0,0,0,0,0,1,0,1,1,0,0,0,12.8065391089121,"FALSE"
"209",209,11.1342021105175,0,0,0,0,0,8.91903272200766,0,6.07425701446382,4.47129484971719,0,0,0,1,0,0,0,0,0,1,0,1,1,0,0,0,12.5538676148728,"FALSE"
"210",210,8.44789089011251,0,0,0,0,0,9.41673593002376,0,5.5508699422885,2.37835077180566,0,0,0,1,0,0,0,0,0,1,0,1,1,0,0,0,11.9037506118985,"FALSE"
"211",211,9.29319375627981,0,0,0,0,0,10.7836542118814,0,3.0790425232605,6.83347040751212,0,0,0,1,0,0,0,0,0,1,0,1,1,0,0,0,12.3056926488489,"FALSE"
"212",212,6.35348515253921,0,0,0,0,0,4.29859878189772,0,7.88053619719522,6.02978435337575,0,0,0,1,0,0,0,0,0,1,0,1,1,0,0,0,11.9811282875138,"FALSE"
"213",213,4.6180162810319,0,0,0,0,0,6.79934429508898,0,4.83888016369763,5.72289104002257,0,0,0,1,0,0,0,0,0,1,0,1,1,0,0,0,11.4381546330235,"FALSE"
"214",214,5.17138068623446,0,0,0,0,0,6.85454223907366,0,5.43025412734631,1.83883664703811,0,0,0,1,0,0,0,0,0,1,0,1,1,0,0,0,11.0747194236805,"FALSE"
"215",215,7.05922094443748,0,0,0,0,0,5.13053790228851,0,4.28005785814208,7.57006126361244,0,0,0,1,0,0,0,0,0,1,0,1,1,0,0,0,11.6344168048795,"FALSE"
"216",216,7.00609365589958,0,0,0,0,0,5.78259780678193,7.23366104024977,1.25255728101545,2.67216559753278,0,0,0,1,0,0,0,0,0,1,1,1,1,0,0,0,11.4345403816545,"FALSE"
"217",217,6.85700417711781,0,0,0,0,0,7.89453211082175,1.10733129897429,-0.203059953033687,2.15439773486708,0,0,0,1,0,0,0,0,0,1,1,1,1,0,0,0,10.308773724901,"FALSE"
"218",218,6.89740229996227,0,0,0,0,0,6.49331526959351,4.29311175157484,5.25200260973753,2.93528077091326,0,0,0,1,0,0,0,0,0,1,1,1,1,0,0,0,11.9181369954008,"FALSE"
"219",219,2.87927670433956,0,0,0,0,0,7.62002492464205,4.00111178368177,0,1.92021900771104,0,0,0,1,0,0,0,0,0,1,1,0,1,0,0,0,11.3128804192335,"FALSE"
"220",220,4.94300523273793,0,0,0,0,0,4.9129445861343,1.00149907364818,0,0.445436042578525,0,0,0,1,0,0,0,0,0,1,1,0,1,0,0,0,10.4658522190151,"FALSE"
"221",221,3.38971425064917,0,0,0,0,0,4.86677131821252,1.25306268174813,0,3.47475654833676,0,0,0,1,0,0,0,0,0,1,1,0,1,0,0,0,10.7605741863045,"FALSE"
"222",222,5.71719156816038,0,0,0,0,0,4.03742996918317,0.501430398079521,0,3.38877055700809,0,0,0,1,0,0,0,0,0,1,1,0,1,0,0,0,10.7747022194319,"FALSE"
"223",223,3.90840941564485,0,0,0,0,0,5.5983850696852,1.96500948968206,0,1.05543977498345,0,0,0,1,0,0,0,0,0,1,1,0,1,0,0,0,10.689882326492,"FALSE"
"224",224,5.55007229563468,0,0,0,0,0,1.03625102873595,0.673609063846043,0,1.2670179920851,0,0,0,1,0,0,0,0,0,1,1,0,1,0,0,0,10.0658417506218,"FALSE"
"225",225,1.91925131895862,0,0,0,0,0,3.05476086224744,1.83340942151189,0,4.32294286999684,4.56974300604974,0,0,1,0,0,0,0,0,1,1,0,1,1,0,0,7.25234136114196,"FALSE"
"226",226,9.50124123205793,0,0,0,0,0,1.67041028002159,2.46409676821935,0,6.06302627908457,3.29220352134752,0,0,1,0,0,0,0,0,1,1,0,1,1,0,0,8.17857789546304,"FALSE"
"227",227,6.54508142541168,0,0,0,0,0,2.6667762759173,6.5225342947068,0,0,2.44689059434233,0,0,1,0,0,0,0,0,1,1,0,0,1,0,0,7.76368867313425,"FALSE"
"228",228,8.47658139487579,0,0,0,0,0,5.96767649544925,0,0,0,1.9565588800549,0,0,1,0,0,0,0,0,1,0,0,0,1,0,0,7.45236810085591,"FALSE"
"229",229,8.26007355573309,0,0,0,0,0,3.77347601320668,0,0,0,1.19879821339819,0,0,1,0,0,0,0,0,1,0,0,0,1,0,0,7.06506739999008,"FALSE"
"230",230,9.43056569959202,0,0,0,0,14.847643505845,6.06569622687522,0,0,0,1.15980537365771,0,0,1,0,0,0,0,1,1,0,0,0,1,0,0,5.88757159275853,"FALSE"
"231",231,3.33444224027254,0,0,0,0,1.81279841790065,3.33763475460905,0,0,0,1.59115218940737,0,0,1,0,0,0,0,1,1,0,0,0,1,0,0,3.85291461559265,"FALSE"
"232",232,10.2460578434607,0,0,0,0,7.67198965008564,7.5670816711524,0,0,0,1.71069501161248,0,0,1,0,0,0,0,1,1,0,0,0,1,0,0,5.68103909487705,"FALSE"
"233",233,7.60500277272522,0,0,0,0,3.21010323879176,7.99112015220067,0,0,0,0.751564296360082,0,0,1,0,0,0,0,1,1,0,0,0,1,0,0,5.01924469528022,"FALSE"
"234",234,4.95108952491413,0,0,0,0,4.99132947745069,0,0,0,0,1.67434036450107,0,0,1,0,0,0,0,1,0,0,0,0,1,0,0,5.04737877521723,"FALSE"
"235",235,11.4749455203173,0,0,0,0,8.31270226105179,0,0,0,0,0,0,0,1,0,0,0,0,1,0,0,0,0,0,0,0,9.58791537602479,"FALSE"
"236",236,12.4125311269431,20.9111506051458,0,0,0,1.03147961344362,0,0,0,0,0,0,0,1,1,0,0,0,1,0,0,0,0,0,0,0,9.19647790294605,"FALSE"
"237",237,7.1101311325717,18.7215320686347,0,0,0,3.39209765613889,0,0,0,0,0,0,2.75241802376176,1,1,0,0,0,1,0,0,0,0,0,0,1,8.18218308298865,"FALSE"
"238",238,12.2883385417883,12.947953266737,0,0,0,4.83418865931269,0,0,0,0,0,0,-0.517305590633656,1,1,0,0,0,1,0,0,0,0,0,0,1,7.64075258376611,"FALSE"
"239",239,9.03737653746177,16.1477326291876,0,0,0,2.05322387696631,0,0,0,0,0,0,1.12748030309073,1,1,0,0,0,1,0,0,0,0,0,0,1,7.71644526853694,"FALSE"
"240",240,11.3423573927596,21.6637671005062,0,0,0,4.67390768836837,0,0,0,0,0,0,1.65627347283173,1,1,0,0,0,1,0,0,0,0,0,0,1,8.91709709647611,"FALSE"
"241",241,12.585456764667,14.1259387321574,0,0,0,4.82943091438222,0,0,0,0,0,0,2.26081679326719,1,1,0,0,0,1,0,0,0,0,0,0,1,8.2934174586925,"FALSE"
"242",242,15.1788373656612,12.889784205855,0,0,0,10.5808429995748,0,0,0,0,0,0,0.925634569172446,1,1,0,0,0,1,0,0,0,0,0,0,1,8.65395533847438,"FALSE"
"243",243,17.5904682999516,23.1217730671884,0,0,0,4.42437558140483,0,0,0,0,0,2.74351109848143,-0.0947218705665629,1,1,0,0,0,1,0,0,0,0,0,1,1,8.4058835776086,"FALSE"
"244",244,15.6525273304954,20.2305236222625,0,0,0,5.67857997615458,0,0,0,0,0,6.80374770530937,1.71059763247742,1,1,0,0,0,1,0,0,0,0,0,1,1,9.42356199922524,"FALSE"
"245",245,13.6724220906596,15.8588370365558,0,0,0,11.6626354850291,0,0,0,0,0,3.66268008170558,1.44157378430387,1,1,0,0,0,1,0,0,0,0,0,1,1,8.19512533760157,"FALSE"
"246",246,17.734628065444,14.0796178809684,0,0,0,2.56795884809512,0,0,0,0,0,6.60785589534519,5.97925471539022,1,1,0,0,0,1,0,0,0,0,0,1,1,9.38583936373856,"FALSE"
"247",247,16.4849174272845,11.894307594224,0,0,0,7.91007901193473,0,0,0,0,0,4.02467590995777,5.68676223568042,1,1,0,0,0,1,0,0,0,0,0,1,1,8.60364351147952,"FALSE"
"248",248,25.8687099793146,17.0990893199389,0,0,0,7.05141534129447,0,0,0,0,0,6.69873730762046,0,1,1,0,0,0,1,0,0,0,0,0,1,0,10.8117447743831,"FALSE"
"249",249,18.1646860774234,20.4993091554364,0,0,0,7.08515773452781,0,0,0,0,0,3.8017203863994,0,1,1,0,0,0,1,0,0,0,0,0,1,0,9.50100867764898,"FALSE"
"250",250,20.7261954286951,9.30842862373836,0,0,0,7.32289036754855,0,0,0,0,0,4.58515588172583,0,1,1,0,0,0,1,0,0,0,0,0,1,0,8.72702607954947,"FALSE"
"251",251,0,0,5.82431108189655,0,12.6820195087439,0,0,0,4.84440509270178,14.9052495481913,18.4611655345097,0,0,0,0,1,0,1,0,0,0,1,1,1,0,0,10.3509298316478,"FALSE"
"252",252,0,0,7.4186457929242,0,11.5797582186001,0,0,0,5.43560810370794,14.8475562572394,8.82962772023729,0,0,0,0,1,0,1,0,0,0,1,1,1,0,0,9.75845589428654,"FALSE"
"253",253,0,0,2.61636133645506,0,16.8444454416488,0,11.4021509889626,0,8.76503110396739,10.2074043624401,0,0,0,0,0,1,0,1,0,1,0,1,1,0,0,0,13.1671841123427,"FALSE"
"254",254,0,0,9.72556849108143,0,12.1953228788915,0,28.8965666110976,0,4.72710466793371,13.423514685574,0,0,0,0,0,1,0,1,0,1,0,1,1,0,0,0,15.4999346943255,"FALSE"
"255",255,0,0,6.14088193724674,0,21.4567212193016,0,15.5271178806912,0,7.07615026970014,10.9084905915806,0,0,0,0,0,1,0,1,0,1,0,1,1,0,0,0,14.5155585621892,"FALSE"
"256",256,0,0,7.45595055828272,0,20.1016714754793,0,21.3161583915852,0,5.49267641208596,15.1359738239809,0,0,0,0,0,1,0,1,0,1,0,1,1,0,0,0,15.5810875610989,"FALSE"
"257",257,0,0,3.15981294421188,0,21.9832550055115,0,16.749888827581,0,7.80136086829533,7.10184990645394,0,0,0,0,0,1,0,1,0,1,0,1,1,0,0,0,13.9741492821153,"FALSE"
"258",258,0,0,6.13738705182181,0,14.1092884847249,0,15.2993781053989,0,4.02100403100649,9.07174165465453,0,0,0,0,0,1,0,1,0,1,0,1,1,0,0,0,12.6370163543106,"FALSE"
"259",259,0,0,9.94993793687888,0,17.6530522564023,0,15.1719198100426,0,7.96209350292852,7.54886523558226,0,0,0,0,0,1,0,1,0,1,0,1,1,0,0,0,14.1749649477506,"FALSE"
"260",260,0,0,13.7733255161003,0,17.9059099907184,0,14.716304202787,0,6.08680185954376,5.00902629773429,0,0,0,0,0,1,0,1,0,1,0,1,1,0,0,0,13.8709050813548,"FALSE"
"261",261,14.8082111034316,0,7.84879979141433,0,28.7501956605884,0,11.193649028,0,1.94548097995398,8.6416273250512,0,0,0,1,0,1,0,1,0,1,0,1,1,0,0,0,14.4077570586682,"FALSE"
"262",262,5.44079451258864,0,9.16839714201219,0,25.960311532144,0,12.6686695284196,0,1.59834019523017,9.22456940638424,0,0,0,1,0,1,0,1,0,1,0,1,1,0,0,0,13.3678095567432,"FALSE"
"263",263,9.7850050717654,0,9.14025854031488,0,17.3604603488325,0,11.5195785223513,0,0.488125217570756,7.38092004885037,0,0,0,1,0,1,0,1,0,1,0,1,1,0,0,0,12.10655212474,"FALSE"
"264",264,10.9036265657801,0,3.44564213405368,0,19.1225076358079,0,11.1693511748133,0,2.81847562488798,7.03915745837395,0,0,0,1,0,1,0,1,0,1,0,1,1,0,0,0,12.1251426065383,"FALSE"
"265",265,5.57121463442561,0,8.61319108975841,0,0,0,8.3243966252461,0,4.39210726210381,9.77482771005272,0,0,0,1,0,1,0,0,0,1,0,1,1,0,0,0,13.2186789224172,"FALSE"
"266",266,5.51189944587078,0,0,0,0,0,4.63184946701185,0,1.5786467905102,9.9978664262409,0,0,0,1,0,0,0,0,0,1,0,1,1,0,0,0,11.1664366005481,"FALSE"
"267",267,1.31064945938259,0,0,0,0,0,7.42075798288079,0,2.76114602987093,5.72303371128901,0,0,0,1,0,0,0,0,0,1,0,1,1,0,0,0,10.7062055251661,"FALSE"
"268",268,3.54503235482896,0,0,0,0,0,10.6421711696084,0,3.32165296936136,3.18667997618093,18.5798453251954,0,0,1,0,0,0,0,0,1,0,1,1,1,0,0,8.97278955171909,"FALSE"
"269",269,1.46361760660101,0,0,0,0,0,7.27317005310036,0,6.25499459116361,3.34458914963067,8.71138250452315,0,0,1,0,0,0,0,0,1,0,1,1,1,0,0,8.1243221974039,"FALSE"
"270",270,4.79456324583832,0,0,0,0,0,4.26269595116765,0,2.75994727278812,9.40550035964761,6.7350222430883,0,0,1,0,0,0,0,0,1,0,1,1,1,0,0,8.063102287953,"FALSE"
"271",271,2.03382848898328,0,0,0,0,0,3.13104633382623,0,0,7.14978622363789,6.2460089159711,0,0,1,0,0,0,0,0,1,0,0,1,1,0,0,7.64937587777023,"FALSE"
"272",272,5.97123102785123,0,0,0,0,0,5.11208186582121,0,0,21.0072785287268,5.80314074695682,0,0,1,0,0,0,0,0,1,0,0,1,1,0,0,10.3310192409694,"FALSE"
"273",273,3.66500007812064,0,0,0,0,0,1.34796788909984,0,0,0,2.51044006222145,0,0,1,0,0,0,0,0,1,0,0,0,1,0,0,6.31322146899058,"FALSE"
"274",274,4.48905627369522,0,0,0,0,0,0.379218825974956,0,0,0,-0.74247879266419,0,0,1,0,0,0,0,0,1,0,0,0,1,0,0,6.01261361457365,"FALSE"
"275",275,3.96026539354531,0,0,0,0,0,2.22644099909914,0,0,0,1.46163423066929,0,0,1,0,0,0,0,0,1,0,0,0,1,0,0,6.38344004471878,"FALSE"
"276",276,6.44963586027828,0,0,0,0,0,2.04005365166549,0,0,0,4.95872056076518,0,0,1,0,0,0,0,0,1,0,0,0,1,0,0,6.92237331808944,"FALSE"
"277",277,7.88291624731608,0,0,0,0,0,2.86132297754985,0,0,0,5.32111839667943,0,0,1,0,0,0,0,0,1,0,0,0,1,0,0,7.22775680794726,"FALSE"
"278",278,5.39294146233096,0,0,0,0,0,1.5426006492229,0,0,0,2.92900834828252,0,0,1,0,0,0,0,0,1,0,0,0,1,0,0,6.57051436637672,"FALSE"
"279",279,4.64951014196561,0,0,0,0,0,3.00661974489978,0,0,0,3.51432509449378,0,0,1,0,0,0,0,0,1,0,0,0,1,0,0,6.73415517110111,"FALSE"
"280",280,8.53593279667224,0,0,0,0,0,2.02890762420387,0,0,0,3.06591403373034,0,0,1,0,0,0,0,0,1,0,0,0,1,0,0,7.00654680384628,"FALSE"
"281",281,7.90689932972989,0,0,0,0,0,3.44384846534931,0,0,0,2.57135799494398,0,0,1,0,0,0,0,0,1,0,0,0,1,0,0,7.0897361380059,"FALSE"
"282",282,6.65246725578748,0,0,0,0,0,3.05534425436351,0,0,0,1.91310188995225,0,0,1,0,0,0,0,0,1,0,0,0,1,0,0,6.840486303702,"FALSE"
"283",283,7.72144441354837,0,0,0,0,0,6.06870674968382,0,0,0,2.97436728605026,0,0,1,0,0,0,0,0,1,0,0,0,1,0,0,7.46196475466491,"FALSE"
"284",284,7.14889115153387,0,0,0,0,0,2.58819649023461,0,0,0,1.95675390851757,0,0,1,0,0,0,0,0,1,0,0,0,1,0,0,6.83631596297341,"FALSE"
"285",285,9.97909548920238,0,0,0,0,0,7.04870836825557,7.67069079532709,0,0,0.450285855060277,0,0,1,0,0,0,0,0,1,1,0,0,1,0,0,8.78768657623596,"FALSE"
"286",286,10.3084218710217,0,0,0,0,0,2.88300196820287,1.75994527088726,0,2.16554130835252,0.571542254592264,0,0,1,0,0,0,0,0,1,1,0,1,1,0,0,7.54060690849693,"FALSE"
"287",287,11.2632797549974,0,0,0,0,0,8.37573687761616,4.25563472692002,0,2.13250772598499,0,0,0,1,0,0,0,0,0,1,1,0,1,0,0,0,12.4449887190156,"FALSE"
"288",288,7.27215086845612,0,0,0,0,0,9.56169209971606,6.55530146247681,0,2.68881061364283,0,0,0,1,0,0,0,0,0,1,1,0,1,0,0,0,12.6148030329484,"FALSE"
"289",289,8.80635766367347,0,0,0,0,0,10.8744438199114,3.10228054115747,0,0,0,0,6.79812837450755,1,0,0,0,0,0,1,1,0,0,0,0,1,12.4294258563159,"FALSE"
"290",290,6.74060504669939,0,0,0,0,0,12.4826706587393,7.27918206078681,0,0,0,0,6.70082462990552,1,0,0,0,0,0,1,1,0,0,0,0,1,13.0910533388202,"FALSE"
"291",291,12.4148782511733,0,0,0,0,0,4.87753939871745,4.19687843270906,0,0,0,0,6.60883401903507,1,0,0,0,0,0,1,1,0,0,0,0,1,12.1646224770673,"FALSE"
"292",292,11.1790977639323,0,0,0,0,0,12.390155899465,4.65546157225119,0,0,0,0,13.3887236484078,1,0,0,0,0,0,1,1,0,0,0,0,1,14.3077273052621,"FALSE"
"293",293,10.771952367457,0,0,0,0,0,13.1813759882707,2.69811748071632,0,0,0,0,10.9623742148238,1,0,0,0,0,0,1,1,0,0,0,0,1,13.6251468099239,"FALSE"
"294",294,13.8024992215133,0,0,0,0,0,9.69556552121992,6.42953506158808,0,0,0,0,11.5465001378547,1,0,0,0,0,0,1,1,0,0,0,0,1,14.2111272452639,"FALSE"
"295",295,6.06622209757501,0,0,0,0,0,12.5327380339181,4.07900536931099,0,0,0,0,4.61009508284321,1,0,0,0,0,0,1,1,0,0,0,0,1,12.1281251304002,"FALSE"
"296",296,15.1096084858694,0,0,0,0,0,12.5393845051321,10.2954650714299,0,0,0,0,7.50100928190471,1,0,0,0,0,0,1,1,0,0,0,0,1,14.6913999537873,"FALSE"
"297",297,13.1587280631691,0,0,0,0,0,13.2622051166867,10.3190341050075,0,0,0,0,7.5832803448597,1,0,0,0,0,0,1,1,0,0,0,0,1,14.5866611517609,"FALSE"
"298",298,17.2610629981233,0,0,0,0,0,14.7390869169269,10.7695875020677,0,0,0,0,15.5235920526949,1,0,0,0,0,0,1,1,0,0,0,0,1,16.7077037214073,"FALSE"
"299",299,16.1335219044048,0,0,0,0,0,13.6016961319345,9.81602656988273,0,0,0,0,13.5789164877697,1,0,0,0,0,0,1,1,0,0,0,0,1,15.9277187448747,"FALSE"
"300",300,9.19800504124413,0,0,0,0,0,21.0866811467127,2.95842794939095,0,0,0,0,21.6778984944491,1,0,0,0,0,0,1,1,0,0,0,0,1,16.4327253298826,"FALSE"
