"","time","s1","s2","s3","threat"
"1",1,0.970123754772258,0.354459021111328,0.176429062534672,1
"2",2,1.80829128891903,1.21955489649201,0.378751634582605,1
"3",3,0.316861417843029,0.139312801532155,1.29355676027565,1
"4",4,0.302235311362892,0.894019811372173,1.05143687588381,0
"5",5,0.644721378440772,1.33000976515493,0.861248497809184,1
"6",6,0.524432608422746,0.241195315674856,0.527141400126225,1
"7",7,0.376774143806942,0.493334535954005,0.0283580780960619,1
"8",8,0.353112879255248,1.84339829058129,0.170456710737199,0
"9",9,0.767571956808579,0.259372578235343,0.0691190771758556,1
"10",10,0.720382930668903,1.10357983822702,1.10257908956083,1
"11",11,1.36719333281027,0.33844031416811,1.11685086870694,1
"12",12,0.678206281249827,0.0607784707099199,0.204524024389684,1
"13",13,0.0128693776205182,0.0405351710505784,0.00237511517480016,1
"14",14,0.751737007829261,0.436991356757885,0.034721131991405,1
"15",15,0.270664628129452,0.219620559131727,0.0874983971007168,1
"16",16,0.0782284497424287,0.136399762318371,0.441151459680355,1
"17",17,0.804379984694433,0.0945192987564951,0.617361444027579,1
"18",18,0.350694770424544,0.261756788706407,0.882534366059017,1
"19",19,0.477280576226717,1.67587814099135,0.382307500481479,1
"20",20,1.0017565479082,0.164457205915824,0.0767003543169776,1
"21",21,0.215775910997763,0.0386845448520035,0.221778674283996,1
"22",22,0.287518778350204,0.507888023276463,0.962922315071237,1
"23",23,0.416780628242946,1.08034993794965,0.320934808347374,1
"24",24,0.182579329935834,1.10343560849534,0.481881330439485,0
"25",25,0.728506157011498,2.2184484338098,0.621194852495051,1
"26",26,1.01252690605344,0.205713791539893,0.378969331498573,1
"27",27,0.0175709899049252,0.123515158658847,1.94909354568201,1
"28",28,0.15571718220599,0.265241162152961,0.506255739347494,1
"29",29,0.0455359343905002,0.0918919243849814,0.1301948975306,1
"30",30,1.06590590581176,0.246006268775091,0.872969829435361,1
"31",31,0.0794332479126751,0.706789666035959,0.459817816921966,1
"32",32,0.0999360261484981,1.72182799122276,0.61763644076646,0
"33",33,0.0482204654254019,0.159818769898266,0.109477144666016,1
"34",34,0.308666062541306,1.01771054412694,0.528092014030631,0
"35",35,1.10924762015449,0.468582404290742,1.09337433328139,1
"36",36,0.663650684503323,0.777867683075964,0.0811703687216901,1
"37",37,0.606314872836179,1.47240428990665,0.121009040158242,1
"38",38,0.00043592369183898,0.954732783096743,0.043648004764691,1
"39",39,0.492429398311706,0.123394797090441,1.00614440829561,1
"40",40,0.00443234088270164,0.0770888028200716,1.0288767395121,1
"41",41,0.960031525189889,0.144521835963917,0.594566184540695,1
"42",42,0.202427982585505,0.634209640768773,0.0513411092106253,1
"43",43,0.367931844179934,0.252602717606351,0.274672443047166,1
"44",44,0.183487405302003,0.218299291562289,0.553218986818051,1
"45",45,0.452474359401918,0.37569603351649,0.0251397410739711,1
"46",46,0.245837926398963,3.01047860814219,1.09458411199259,1
"47",47,1.20019698723711,0.0617991853505373,0.965341697404993,1
"48",48,1.35854703795033,0.194306907476857,1.02097292985292,1
"49",49,0.525155728549127,0.975115998606098,0.756650312761676,1
"50",50,0.0722251235970696,0.459547100136971,0.37612264973805,1
"51",51,0.986848365035988,1.5006472057754,0.429912903325117,1
"52",52,2.17125147149333,0.578332927988327,0.194947739830241,1
"53",53,0.0670529712508446,0.410985936389721,0.411606145655128,1
"54",54,0.145167637152607,0.401144103126085,0.299790133023635,0
"55",55,0.158665309194475,0.764461670555477,0.0371019183658063,1
"56",56,0.0247551107313484,0.015865491470322,0.0388009280432016,1
"57",57,0.809584417149157,1.25966142018544,0.272411602782086,1
"58",58,0.207566493889317,0.977335462304664,1.35600196656989,1
"59",59,2.11815514589164,1.09391317543592,0.523055149228491,1
"60",60,0.490058468633747,0.460934883671674,0.0067132692784071,1
"61",61,0.1469845843778,0.585670959649092,0.161014132884169,1
"62",62,0.0017028298805557,0.410979534218763,0.388822460060424,1
"63",63,0.0678642319981009,0.700783823574794,0.48194968689168,1
"64",64,0.268799743847921,0.633323096299053,0.416081739735399,1
"65",65,0.252554314443842,0.199592619668692,0.0908097175133546,1
"66",66,0.0885541933613442,0.282030883710831,0.244432504367805,1
"67",67,0.221735795261338,0.659654564203179,0.18397000641562,1
"68",68,0.28995047789067,0.392463808832147,0.112521759805751,1
"69",69,0.714422125327301,0.0997147175949067,0.0416060007993698,1
"70",70,0.498329146278507,0.70512543070677,0.140341340608968,1
"71",71,0.793538654691193,0.251693175407127,0.654516795163459,1
"72",72,0.311724127735943,1.00672962419213,0.22025524196215,1
"73",73,0.696294981012953,0.205304400296882,0.462483169684135,1
"74",74,0.0867075568530709,0.393531503134823,0.0734319053590298,1
"75",75,0.0466723550829326,0.401214367362327,0.152434622868896,1
"76",76,0.271004213718697,0.573831924681968,0.0167094822429037,0
"77",77,1.36906813730704,0.339608065318316,0.00090508483138034,1
"78",78,0.168437204961865,0.165484284050763,0.623804504962123,1
"79",79,0.0531674555968493,0.0219748268795071,0.103337228763849,1
"80",80,1.72414208195152,0.0670425966382027,0.0332216445822269,1
"81",81,0.00538018206134439,0.56049427341432,0.188525809232645,1
"82",82,0.378175915663546,0.477466081713742,0.00358991073952165,1
"83",83,0.978155339094711,0.701047904642354,0.364337951389557,1
"84",84,0.109051336999983,0.285101776110471,0.173655799822882,1
"85",85,0.450652713400728,0.777073070364905,1.58620017271635,1
"86",86,0.0470729800872505,0.370285833088313,0.0091092453997722,0
"87",87,0.118427712237462,1.879773969657,0.0174999847076833,1
"88",88,0.351997893657467,0.248423748183995,0.0701648921242629,1
"89",89,0.0207188042034177,0.354590210260376,0.512774151728904,1
"90",90,0.234945101896301,0.319134395336732,0.0877909597475082,1
"91",91,0.518576750510788,0.32530695060268,1.56616032115164,1
"92",92,0.946153460959804,0.0375745759811252,0.117842121049762,1
"93",93,0.865928513887239,0.233366107335314,0.534858843756324,1
"94",94,0.160797601332888,0.394878211875862,0.0200696264988404,1
"95",95,0.429350068211817,1.63684761888328,0.390376064129007,1
"96",96,0.459003322271115,0.375530148415363,0.65359352340684,1
"97",97,0.505951192674643,0.0629412632484549,0.548628493191159,1
"98",98,1.07792265427517,0.257190179312602,1.42824878335426,1
"99",99,0.682768154868341,0.125340189319104,0.324395791161805,1
"100",100,0.6197856105654,0.0731568709015846,0.0460449322126806,1
"101",101,0.0471346587873995,0.556664715034372,0.239692385556911,1
"102",102,0.0221003099071408,1.05561831261021,0.011830793460831,1
"103",103,1.5671683474535,0.182683410588652,0.119661624232932,1
"104",104,0.497811705784357,0.250049565918744,1.25605755386161,1
"105",105,0.0521668472792953,0.222378184320405,0.422835406360632,1
"106",106,0.442712644200347,0.161579363280907,0.40081212853775,1
"107",107,1.73422589298633,0.111730086384341,0.597538113107389,1
"108",108,0.652685132787979,0.381316473686552,0.107022862415761,1
"109",109,0.105677271960303,0.411436199439108,0.745069188485937,1
"110",110,1.17074748029219,0.0388032414484769,0.150228072446747,1
"111",111,0.071615467847957,0.722611315923413,0.230673014419153,1
"112",112,0.106623627711087,0.092028333034868,0.0490256352350116,0
"113",113,0.174021447543055,0.585859400664872,0.338517353171483,1
"114",114,0.454364729964993,0.0656019334793067,1.18874338862425,1
"115",115,0.690342825350768,0.0400532577186823,0.821845666839373,1
"116",116,1.70910197115483,0.233343809843063,0.0980878635309637,1
"117",117,0.655510022749609,1.28214728732811,0.0794729970738003,1
"118",118,0.218194929650053,0.390052164418107,1.16229566087233,1
"119",119,0.396271602229631,0.41045526366443,0.793654589805962,1
"120",120,0.307754725821324,0.405507528202093,0.423303060792777,1
"121",121,1.50170236935309,0.132565439213067,0.536190453430122,1
"122",122,0.157564693323283,1.39043519264998,0.78282108805598,1
"123",123,1.37812160601126,0.331194589147344,0.435398724840438,1
"124",124,0.178873188793659,0.229222776833922,0.759346374268544,1
"125",125,0.869213228339232,0.341415957780555,0.0945848379442504,1
"126",126,1.28888293070005,0.198815282660679,1.04098407266583,1
"127",127,1.48697772986236,0.258914978941903,0.103323468926409,1
"128",128,0.750424977349949,0.282769120470496,0.436713013872887,1
"129",129,0.546049681005484,0.817903470205975,0.113864772953093,1
"130",130,0.303377513075247,0.554628605541482,0.549719579113555,1
"131",131,0.332745527150109,0.0954652565540333,0.754234044240578,1
"132",132,0.656487593871957,0.428792320302158,1.6703593096787,1
"133",133,0.332064879359677,0.185081529663876,0.506299461217082,1
"134",134,0.511539583270002,0.0116791492328048,1.38443872605668,1
"135",135,0.0798870834987611,0.819616414133856,1.17732687439417,1
"136",136,0.0164540612604469,0.401544792090958,0.160928070079535,1
"137",137,0.0294694732874632,0.171181650133803,0.331670391838998,1
"138",138,0.137221208097972,0.080908315256238,0.174375573405996,1
"139",139,0.529475585070855,0.240486631868407,0.446849165527586,1
"140",140,0.623903515730744,0.384788128060705,0.540179594398892,1
"141",141,0.228549016872421,0.0271125631168116,1.69939756012502,1
"142",142,0.766528421534655,0.0471896207909967,0.893275263677252,1
"143",143,0.784993351395142,0.731203755321813,0.132592037785798,1
"144",144,0.319612863939255,0.964040972250414,0.107308018796172,1
"145",145,0.487933186327523,0.449218002126968,0.976354084866953,1
"146",146,0.689602334962642,0.659907199093863,1.27038695936309,1
"147",147,0.786727877667687,0.953902407507312,0.287250444060192,1
"148",148,0.653164245167232,0.915073833386314,0.708666860313741,1
"149",149,0.567637445384121,0.351895534878081,0.599872118306762,1
"150",150,0.39949299067021,0.482443396912372,0.261745016090572,1
"151",151,0.417053475023663,1.03842015839638,0.760462913319716,1
"152",152,0.0186405292216711,0.594412555431432,0.0716765850126481,1
"153",153,0.492391107117242,0.347392968812442,0.118275576271117,1
"154",154,0.0625294608079948,0.102373353438452,1.86753081995349,1
"155",155,0.483132496045401,0.56526038747043,0.141213820781559,1
"156",156,1.33243265834855,0.170845409622416,0.381551673161516,1
"157",157,0.0324462341878324,0.182579885236919,0.109797440003604,1
"158",158,0.442179805578148,0.0225929223851727,0.0729927815528185,1
"159",159,0.211496356874704,0.213889349142928,0.715844712178123,1
"160",160,0.208779307547957,0.074183065444231,0.131268762052059,1
"161",161,1.63750665626469,0.0216721966862679,0.171911586076021,1
"162",162,0.601351777575849,0.168891055509448,0.504525415464699,1
"163",163,0.486285969593978,0.00523749733744837,1.07094136712359,1
"164",164,0.215260989731178,0.968674955847573,0.635764061917967,1
"165",165,0.389542200581586,0.756234831134689,0.0847017646301538,1
"166",166,0.747111441525531,0.185492970282212,0.594971899853504,1
"167",167,0.0166343674063683,1.05203488742219,0.616241492775685,1
"168",168,0.826586613237183,0.848500791895104,0.798507111105037,1
"169",169,0.0908976926816079,0.936576186637294,0.5625521200499,1
"170",170,0.96492657012945,0.14800523291342,0.315356035949662,1
"171",171,0.00434878817238096,0.897614690433157,0.272932182298973,0
"172",172,0.351838978006612,0.278871355112642,0.406610390522978,1
"173",173,0.144906264264137,0.592753321548499,0.0474417011719197,1
"174",174,0.795655668671143,0.744330615578536,0.764762951732709,1
"175",175,0.346244816901162,0.688398870618498,0.30551013443619,1
"176",176,1.00804164535822,0.0668382556177676,0.305599083425477,1
"177",177,0.0850117497611791,0.364806131438768,0.414857794044024,1
"178",178,1.07444926624404,1.54823728973318,0.298520762240514,1
"179",179,0.0376710130367428,0.703452694187772,0.0429155629264046,1
"180",180,0.043378782691434,0.210063169477507,0.25739191332832,1
"181",181,0.0169912886603052,0.291607548715547,0.0179045991972089,1
"182",182,0.124667628668249,0.930274853440833,1.10393946993039,1
"183",183,0.098446209457785,0.304027470527217,0.215729715535417,1
"184",184,0.0451503028161824,1.09163538080858,0.5038662655069,1
"185",185,0.553008620140559,0.0819047689437866,0.0148680228739977,1
"186",186,1.31643736449288,0.0116086774505675,0.137921598739922,1
"187",187,0.100193307007704,0.323074018815532,0.906358720692706,1
"188",188,0.186370815848932,0.0679038804480451,0.29421441978775,1
"189",189,2.49670039940823,0.342142663896084,0.424887552925914,1
"190",190,0.146237613167614,0.458145367776489,0.0858227577991784,1
"191",191,0.0720485604833812,0.129025315865874,0.016451655421406,1
"192",192,0.58583191174776,0.0449506604812636,0.997340515213919,1
"193",193,0.276130604790524,0.259893468813971,0.0385740994146715,1
"194",194,0.0455070282993625,0.0526179703551876,0.440517258004054,1
"195",195,0.261687273511239,0.206619351433977,0.449952137169844,1
"196",196,0.445786402068307,0.691370790337628,1.48012736431303,1
"197",197,0.406714605793385,0.800490922126012,0.274002435617149,0
"198",198,0.020043713813212,0.278338362229988,0.183692532345184,1
"199",199,0.783977433997107,0.223009204491973,0.226134392460645,1
"200",200,0.145718975298308,0.0116902359399252,0.213948786038278,1
"201",201,0.5197280159751,0.158899472401313,0.126592551823705,1
"202",202,0.239243079675362,0.0146799138747156,0.628358017166561,1
"203",203,0.431059467585242,0.758519303255236,0.00360284838825464,1
"204",204,1.62026102696138,0.904858827548933,0.569530608111477,1
"205",205,0.0409820841159672,0.379521087230302,0.0507731642574072,1
"206",206,1.05310664030154,0.476144132649011,0.839872059370291,1
"207",207,0.403293956515795,0.0107422121800482,0.607508510330176,1
"208",208,0.018595133908093,0.329034847951987,1.93950085610825,1
"209",209,0.993773401672852,0.0662342229559394,0.632192744386798,0
"210",210,0.425893594489849,0.270927247358486,0.0609382024094381,1
"211",211,0.254753454588354,0.0318284625836766,0.0865577852819115,1
"212",212,0.182173541344132,0.448278365123419,1.94566172630268,1
"213",213,0.105866957223043,0.014467970906183,0.828237831905577,1
"214",214,1.47422638154569,0.768758545643362,0.330584821291268,1
"215",215,0.89442252736063,0.113905759163773,0.627119814490384,1
"216",216,1.66388880080524,0.654975033961922,1.96662481398064,1
"217",217,0.398108772446817,0.439517818370319,0.974939691792143,1
"218",218,0.102007276844233,0.128303324105218,0.150871264912988,0
"219",219,0.0670570663374706,0.224820645991713,0.422147208803749,1
"220",220,0.0222779833711684,0.543867476729161,0.419526771155602,1
"221",221,1.55701691648903,0.278604390565306,0.644339325351125,1
"222",222,0.531050727216011,0.696237202691746,1.41479250780287,1
"223",223,1.19109946017371,0.548618515466756,0.463375859872854,1
"224",224,0.0941701123209075,0.152046923292801,0.157250325195491,1
"225",225,0.91781175411762,0.0454449944663793,0.0242879989091307,1
"226",226,1.20467409205841,0.141374851111323,0.255943671800196,1
"227",227,1.75030332557205,0.115022264532614,0.118054216269714,1
"228",228,0.111104786321863,0.0400913170267151,0.384098704417652,1
"229",229,0.190163261257112,0.0792571804486215,1.01302740998091,1
"230",230,0.0974518242292106,0.188007570570335,0.146188695216551,0
"231",231,0.42999738844533,0.537411361687105,0.330534156179056,1
"232",232,0.380144472562442,0.681851983049369,1.52797411373796,1
"233",233,0.0433797016739845,0.160347691003184,0.339136876398697,0
"234",234,0.454649985281235,0.257401991868392,0.653159196933216,1
"235",235,0.519953980126089,0.692204028346992,0.534509002210057,1
"236",236,0.140617091441527,0.463471852221942,0.0233033257057686,1
"237",237,0.251482571242377,0.0075382965296361,0.219311871100217,1
"238",238,0.323056987021118,0.0860642793122679,0.0260981390125662,0
"239",239,0.453979035818434,0.0630056839436293,0.0385872023180127,1
"240",240,0.13164291693829,0.0587691678665578,1.04924419185987,1
"241",241,0.110077837947756,0.274958800494892,0.174748736950141,1
"242",242,0.814308122529436,0.89153748839618,0.0342438199460993,1
"243",243,0.0954151093541011,0.0837546429808358,0.0801192056812051,0
"244",244,0.0452976452652365,0.0854401104152203,0.0852869048248976,1
"245",245,0.115774402860552,0.0241150595237338,0.317068723030388,0
"246",246,1.06945779633926,0.247398294662392,0.24633415020071,1
"247",247,0.479224196614182,0.0322445640340447,0.0832420324441046,1
"248",248,0.0141536917889192,0.174323129155971,0.855280969249916,0
"249",249,0.0495017687790096,0.30234105931595,0.316337669919721,1
"250",250,0.22733373229184,0.729066642890585,0.369681993445109,1
"251",251,0.702048279303026,0.093226995319128,0.175523768411949,1
"252",252,2.43450973309148,1.56262163436952,0.219906605081633,1
"253",253,0.240648109233007,0.309481923934072,0.396148955894119,1
"254",254,0.11059999921399,0.662010126726186,0.169207457438103,1
"255",255,0.0099022111389786,1.28912925061988,0.830416052560222,1
"256",256,0.407491687198585,0.0399363157339394,0.669503030346191,1
"257",257,0.130627541110593,0.167715100105852,0.574804629893698,1
"258",258,0.0769515394536098,0.105513554997742,1.17153610189663,1
"259",259,0.254901062231511,0.50476933501423,0.294868662720546,1
"260",260,0.452949898296452,0.0147692775016956,0.7134536653337,1
"261",261,0.204197894548997,0.628331278895444,0.370265648391889,1
"262",262,0.0903158555049594,0.107135073514655,0.348383465413458,1
"263",263,0.519837943816042,0.175291463034227,0.115829669637606,0
"264",264,0.0148371164699895,0.74059635362047,0.475933637485099,1
"265",265,0.67895212813974,0.107355856886587,0.479994670932597,1
"266",266,0.476463633102781,0.209225228890952,0.818117670672846,1
"267",267,0.721033356126827,0.174696624046192,0.670194777639067,1
"268",268,0.189269455628717,0.0545317810773079,0.927052319939149,1
"269",269,0.0149236640992273,0.386673100384886,0.0183240247541744,1
"270",270,0.73468322861464,2.02111884475428,0.0361870670536803,1
"271",271,0.53431201444701,0.0818070741201263,0.000351387707917045,1
"272",272,0.667097423670298,1.02451646882565,0.239010727731511,1
"273",273,1.01231682948293,0.00963173992931843,1.07141680916058,1
"274",274,1.30707156558739,0.0863949849735945,0.862386864568007,1
"275",275,0.017060953871491,0.513975510314923,0.847935882354987,1
"276",276,0.319430254632607,1.44657134651699,0.471384881974614,1
"277",277,1.75072829508497,0.247232738649473,0.664710117017335,1
"278",278,0.258856401545927,1.81002059102732,0.0248066431498837,1
"279",279,0.35071708539263,1.25755123694645,0.0816337440628558,1
"280",280,0.908973648170841,2.05506319076496,0.88008116460861,1
"281",281,1.2279855114709,1.32639861193703,0.0498920911814297,1
"282",282,0.542501401934284,0.499528618974096,0.295577538199723,1
"283",283,0.384941146400594,0.0258362260647118,0.0500354280229658,1
"284",284,0.8796348791629,0.33135279128328,0.648350629934526,1
"285",285,0.0377625210676342,0.402397994097039,1.57589041805806,1
"286",286,0.172172024613246,0.452229772783896,0.899018975864065,1
"287",287,0.460037314312017,0.450086840879729,0.29817835893482,1
"288",288,0.047497779596597,1.75187094033438,0.330716128693894,1
"289",289,0.332288047298789,2.16060211683128,0.305023331660777,1
"290",290,0.207952443975955,0.103866952471435,0.00430833268910646,1
"291",291,0.317660934058949,1.22152946117985,1.13873690122334,1
"292",292,0.446069339236047,0.510846010388291,2.22883843804214,1
"293",293,0.484217243008392,0.734511798205686,0.445280736756927,1
"294",294,0.169790082016578,0.0462138659597911,0.119734466244949,1
"295",295,0.135106693021953,0.45918519979105,0.00986854266375303,0
"296",296,0.635872786843634,1.28186904203652,1.09956832875716,1
"297",297,0.591044516747302,0.376908275424489,0.927196075166476,1
"298",298,0.115519484272227,1.99077676505524,0.864399773756148,1
"299",299,0.0870417768601328,0.643747160190201,1.01402586135538,1
"300",300,0.168035714354446,0.118182496167719,0.693770014638913,1
"301",301,0.620004715376949,1.36650251125203,0.253982865251601,1
"302",302,0.557031906188882,0.613420449176288,0.00952877798296446,1
"303",303,0.529501200166947,0.12921340204734,0.051101547972187,0
"304",304,0.623266492483622,0.263793160906062,0.508846536723381,1
"305",305,0.339925862150267,0.23136058979916,0.414162810901406,1
"306",306,1.73257843769136,0.609143039190626,0.101431892253458,0
"307",307,0.268576634814963,0.0229625951967281,0.820280723231745,1
"308",308,0.452340967932201,0.0892159435898066,0.501639554721719,1
"309",309,0.468147229382253,0.295378977200016,0.324738434050232,1
"310",310,0.0649599574971944,1.18127601308035,0.099599195545419,1
"311",311,0.0310561326673871,0.312462932430208,0.25937764858827,0
"312",312,0.267680975142866,0.0739540520589799,0.292098754318431,1
"313",313,0.607103616443879,0.794624670366657,1.06301832796793,1
"314",314,0.15960237143875,0.0918123142328113,0.158181400668093,0
"315",315,0.358771303872872,1.05872922369202,0.557285264579064,1
"316",316,0.419848787804753,0.000571286538615823,0.405707013306624,1
"317",317,0.106303246458992,0.343942815437913,1.25647346762227,1
"318",318,0.49187368878671,0.348057935277883,0.324764153221622,1
"319",319,0.287748684640974,0.0995143388863653,0.277815944049507,1
"320",320,0.804943843702686,1.91300129902575,0.00697534626466274,1
"321",321,0.0147794506046921,0.904708315576327,0.866709148430434,1
"322",322,0.0454689512318981,0.609887856503433,0.923463737267175,1
"323",323,1.52462767801228,1.48814829803052,0.862867611405911,1
"324",324,0.109805413293889,0.378951090211208,0.107573616085574,1
"325",325,0.530773438492274,0.656507568412876,0.799470204939818,1
"326",326,0.73557596649499,1.111974385504,2.1060730058311,1
"327",327,0.0255713644437492,0.206099383998662,0.218040077714249,1
"328",328,0.850194725165975,0.253712724661455,0.667817116228348,1
"329",329,0.770738346460176,0.234744856809662,0.400696005651212,1
"330",330,0.113073663320392,0.37117942094565,0.0716334041208029,1
"331",331,1.93129060717045,0.794609491671336,0.66219611277566,1
"332",332,1.73174285507741,1.4764110072607,0.125543851405382,1
"333",333,0.109680405817926,0.775461167401688,0.518104485640746,1
"334",334,0.14383085584268,0.847085582403481,0.0329775968566537,1
"335",335,0.0947553033387241,0.002001574030146,0.292922712164,1
"336",336,0.0843239522073418,0.484273893656799,0.214697591780321,1
"337",337,0.0303086480303557,0.190271796891466,0.47536853449355,1
"338",338,0.149500989587978,0.351957343497729,1.6092698945755,1
"339",339,0.437936764655119,0.204226904737286,0.635666467398216,1
"340",340,0.190595673630014,0.714531058495346,0.264910976635292,1
"341",341,0.474507631713009,0.0982164594355623,0.140764731680974,1
"342",342,0.40851133361221,0.185787333874032,0.33952885097824,1
"343",343,0.297321291728633,0.0381895406171679,0.790600029709649,1
"344",344,0.109033205627422,0.217098519206047,0.270606186240911,1
"345",345,1.34239873935686,1.19457749364184,0.092293553519994,1
"346",346,0.628216753251298,0.219720237422734,0.240506128873676,1
"347",347,0.178310397894063,0.373049908432333,0.78169604705675,1
"348",348,1.69448738909307,0.0120071417186409,0.471901459132737,1
"349",349,0.282824064604938,0.0131859231391828,0.700407766695035,1
"350",350,0.643104095456606,2.09852173411684,1.375162509207,1
"351",351,0.702982724602235,1.92247095972973,0.486800166144748,1
"352",352,0.386463247711485,0.230587429599836,1.38289211404728,1
"353",353,0.0387324483599514,0.0444272407330573,0.733468576674742,1
"354",354,0.0360351530835032,0.049458684399724,0.40899020586772,1
"355",355,0.542517563307142,0.419729654656208,0.890084475236845,1
"356",356,0.172509610652924,0.540253415217108,0.262879406009339,1
"357",357,0.0249553895555437,0.0390167989444112,0.97686042874323,1
"358",358,0.673538247568017,1.8615304705568,0.957652161420966,1
"359",359,0.0580427970271558,0.194938406115398,0.143802419304848,0
"360",360,0.198768198722973,0.060998875182122,0.654711414573199,1
"361",361,0.188020214205608,0.662821321261531,1.17514974710749,1
"362",362,0.120669077918589,0.0218575934958313,0.675332190447903,1
"363",363,1.02488611913742,0.0336915632725239,1.17313158398645,1
"364",364,0.499033210904645,0.17784641922939,0.472634591753782,1
"365",365,0.973024039041428,0.0740602728121607,0.353481226685065,1
"366",366,0.000780698985816393,0.115040360717103,0.388583833330727,1
"367",367,0.535411701516664,1.41066278508844,0.200588097330183,1
"368",368,0.0214580274153203,0.0866575841791928,0.778896323363197,1
"369",369,0.44468874063105,0.222078611375764,0.0630535332086472,1
"370",370,0.301130982581526,0.399684485394917,1.79182745785195,1
"371",371,0.0989819508977234,0.376508575151599,0.363546768182373,1
"372",372,0.505165296120054,0.197487091179937,0.00577303951500497,1
"373",373,0.579799193867898,1.28194586088167,2.12960677325908,1
"374",374,0.103040548542804,0.646957880796349,0.473243433875858,1
"375",375,0.00962762120077826,0.61847292955727,1.03329104832829,1
"376",376,0.0297274007461965,0.36749187464265,0.517834893231346,1
"377",377,0.408540583660311,0.357840165009207,0.46474094360829,1
"378",378,0.190269924933091,0.538659022168672,0.139344827504829,1
"379",379,1.00757989655705,0.248018209123984,0.257167761912569,1
"380",380,0.185153825208545,0.0600260784897673,0.0917518530785415,1
"381",381,0.233947619795799,0.0168298957869411,0.298507667146623,1
"382",382,0.242924720407405,0.195923130959272,0.590720412766045,1
"383",383,0.30852630129084,0.268794118892401,0.278840220998973,0
"384",384,0.367750747477522,0.870037651578796,0.0874636465117286,1
"385",385,0.0824784547325523,0.0674363048950326,0.631353044395751,1
"386",386,0.47268716829573,0.0639453413896263,0.575078120434141,1
"387",387,0.439649591201401,0.744666411471477,0.95997234243424,1
"388",388,0.270378185203299,0.990767290773702,0.0381760913536797,1
"389",389,0.258499228861183,0.0848548074718565,0.92073697778852,1
"390",390,0.762867898329383,0.115354785230011,0.267815963132307,1
"391",391,0.040669999551028,0.0985055372562633,0.761311700525594,1
"392",392,0.0776761617599879,0.150375669135825,0.178298778754504,1
"393",393,0.108212910825387,0.19903377792798,0.549265312007053,1
"394",394,0.140087384032086,0.319578851573169,0.172092065215111,1
"395",395,1.62973398462642,0.130783229930986,0.505368785445994,1
"396",396,0.805785073856723,0.00176289421506226,0.109572461806238,1
"397",397,0.0835355818271637,0.622978148495263,0.264444780303165,1
"398",398,0.697407610353243,0.194847335573286,0.0612374159973115,1
"399",399,0.0417492609685084,0.745281809898925,0.39033636004955,1
"400",400,0.32412240235135,0.00921677489110756,0.0818462811876088,0
"401",401,0.979644297584241,0.190420449245721,0.366951591431386,1
"402",402,0.874002912971091,0.000632293056696653,0.790194322864763,1
"403",403,0.559460273922837,0.159858327358961,0.398922642980226,1
"404",404,0.18061823095195,0.0280544955778381,1.3245258655135,1
"405",405,0.546466320266432,0.0547267394140363,0.344139898428693,1
"406",406,0.903516395906818,2.13852188909862,0.0593126234598458,1
"407",407,0.9017822332225,0.736600088844907,0.0388939105905592,1
"408",408,0.829809326744227,0.995897345202875,0.468647798967964,1
"409",409,0.0195698119327549,0.519033472032702,1.03173712823064,1
"410",410,0.0995250958949327,1.23958157089757,0.540787406812025,1
"411",411,0.254899670369923,0.825594462001576,0.372584872392422,1
"412",412,0.630391403546041,0.966971933799696,0.0875620145816356,1
"413",413,0.0707029085091167,1.03626524373413,0.516683382892466,1
"414",414,0.275641930522397,0.231716206382618,0.217874144902453,1
"415",415,1.01648039552839,0.00193665619008243,0.593103956410146,1
"416",416,0.182979236589745,0.491236980517811,0.94704933739723,1
"417",417,0.544745520298901,0.393594867528832,0.0537756131523942,1
"418",418,0.491155978736883,0.267638008808717,0.0732697828207165,1
"419",419,0.168753213714808,1.16531851229476,0.098499858751893,1
"420",420,0.294450561283156,1.23537866671788,1.18575569701599,1
"421",421,0.776363777886045,0.405606727094805,0.308562706690282,1
"422",422,0.502736084607846,0.0840647453442216,1.02725490550966,1
"423",423,0.909153751986933,0.370135320398026,0.272751004206724,1
"424",424,1.16474898805128,0.0361564335075823,0.276402274146676,1
"425",425,0.141883421456441,0.0598529900889844,0.249776358949021,1
"426",426,1.01563504799725,0.539080253315574,0.936881295363319,1
"427",427,1.47445127677215,0.449233410269854,0.40492213483858,0
"428",428,1.16547942248391,0.214095568517223,0.588789262787855,1
"429",429,0.771990060764265,0.109635319793597,0.174892159877345,1
"430",430,0.829533141995681,0.451773569432503,0.498437195995307,1
"431",431,0.38633007311235,0.230753017822281,0.179486313601956,1
"432",432,0.255023883422837,0.0781294631306082,0.642927349989718,0
"433",433,1.33056910609113,1.32945410249041,0.114196432606909,1
"434",434,0.258678272366524,0.00171188008971512,0.363760314860797,1
"435",435,0.138360893120989,0.12961260532029,0.42063733700425,1
"436",436,0.00643508274247887,0.094144031229088,0.590726693139827,1
"437",437,0.711226920555246,0.0492981787886574,0.0914376908913255,1
"438",438,1.06056311103073,0.341051203431562,0.644851967205709,1
"439",439,0.399646242180664,0.611885037717825,0.25491214194335,1
"440",440,0.207032189238816,0.256837870925665,0.377057807372636,1
"441",441,0.0692397323437035,0.328598590800539,0.519630888370141,1
"442",442,0.93306527282567,0.645220175364471,0.276737107895315,1
"443",443,0.0433990287128836,0.0658431238255062,0.480921880022715,1
"444",444,1.02357902280511,0.269184087085289,1.10580407542394,1
"445",445,0.094156026141718,0.00751775642856956,0.0750552227254957,0
"446",446,0.482223543317473,0.438481161712527,2.06143312425095,1
"447",447,1.05556188238071,0.308626007987186,0.0158665175089161,0
"448",448,0.339762375922874,0.240976491881812,0.505275648997581,1
"449",449,0.189529711540787,0.700016456665311,0.282203801674768,0
"450",450,0.00378012820146978,0.503877603084871,0.405127637067294,1
"451",451,0.0599482005919959,0.303084013285115,0.56155626985938,1
"452",452,0.431112518725574,0.579789430634828,0.00305104393164565,1
"453",453,0.5633988688871,0.274358236929402,0.112507846672088,1
"454",454,0.806112828622472,0.393934576285488,0.168034062720835,1
"455",455,0.229152352766088,0.125532929552719,0.549351014641529,1
"456",456,0.685666111742562,0.047609152039513,0.841430592884827,1
"457",457,0.554979455636299,0.194214252838844,0.0709635927341878,1
"458",458,0.152167041617473,1.10896325757014,0.594360834897912,1
"459",459,0.723443980444144,0.577681802192187,0.234163528075442,1
"460",460,0.288774945540354,1.54371875516119,0.80384704280169,1
"461",461,0.221965364623197,0.225008762674406,1.10916599528575,1
"462",462,0.367475371786809,0.392525263575322,0.04131377232261,1
"463",463,0.198500648373738,0.425130219177759,0.344785012304783,1
"464",464,0.00614612665958703,0.3114374789875,0.263174131745473,1
"465",465,0.0219564561266452,0.170115967523914,1.14514817680139,1
"466",466,1.3744283215444,0.0220234455128477,0.207006171417161,0
"467",467,0.01636737591903,1.24758974363314,0.388959669132892,1
"468",468,0.0499320504926947,0.463498411679125,0.125495698768646,1
"469",469,0.3936277157417,0.0261389689200914,0.381738403834344,1
"470",470,0.680422460173673,0.252676947042346,0.265383088728413,0
"471",471,0.461937030181872,0.303447281941772,0.203128110151738,1
"472",472,0.416973617372519,0.0495298763271421,0.07362130866386,1
"473",473,1.0030447449115,0.755225426475418,1.37799174984204,1
"474",474,1.62470713621917,1.17629180749165,0.276872653281316,1
"475",475,0.269667417509481,0.0494912639507704,1.01160235419394,1
"476",476,0.286637121555589,0.129822686547413,0.0116522477474064,1
"477",477,0.248191629769281,0.199582240078598,0.478960889987441,1
"478",478,0.874977454501105,0.217669801786542,0.0294439959357903,1
"479",479,0.0870118385646492,0.363065918670476,0.429971749407655,0
"480",480,0.409964377505189,0.486393941201137,0.0837601146085317,1
"481",481,0.156944716814905,0.491042071001089,1.52651823506186,1
"482",482,0.69268502386049,0.646173858528441,0.167905668960884,1
"483",483,0.466819941707633,0.0207535260579338,0.273664231412113,1
"484",484,0.282468298682943,0.488687860292798,0.0386232778150208,1
"485",485,0.638456843772388,0.211046067299321,0.402004968099603,1
"486",486,0.197752648266032,0.26913423393853,0.24009945592843,1
"487",487,0.485358141807324,0.0844689251389354,1.22805371222304,1
"488",488,0.161400010292979,1.24898982600978,2.14189238274906,1
"489",489,0.293505402980372,0.0440238951482064,0.496985893935357,1
"490",490,0.00204434052905705,1.1185019770007,0.494751576313233,1
"491",491,0.255996131129257,0.05475122644566,0.102543166949917,1
"492",492,1.2912814110757,0.108187326928601,0.286204329458997,1
"493",493,0.449813904150929,0.0168738961219788,0.603594505439516,1
"494",494,1.26051573228593,0.0352735405322164,0.139071031007916,0
"495",495,0.104065504623577,0.201043211854994,0.998814808162761,1
"496",496,0.16400294568492,1.64845387256684,0.425891643732793,1
"497",497,0.541136237844448,0.914740969384921,0.049441865645349,1
"498",498,0.234743544599041,0.503851194379336,0.169164948165417,0
"499",499,0.350886605330058,0.000359641155228019,0.757374605786256,1
"500",500,1.2892762319486,0.0733793075196445,0.0848679023329169,1
"501",501,1.07525914692891,0.268634318374097,1.90588774800974,1
"502",502,0.0915594568941742,1.59826613263231,0.881243254947376,1
"503",503,0.139412813506687,0.0208366222213954,0.471581951228386,1
"504",504,0.202892057131976,0.578484901206052,0.140549313975498,0
"505",505,1.1924600758891,0.568685959072268,0.17380751715973,1
"506",506,1.17957158846067,0.261682527372614,0.203579040244222,1
"507",507,1.01226167097212,0.843380114952934,0.441290785000288,1
"508",508,0.592639954648316,2.55869364071835,0.580162686740464,1
"509",509,0.170100453496943,0.481534357161677,0.441343862542367,1
"510",510,0.0970052739139646,0.286030733026564,0.172058932125469,1
"511",511,0.169006285024807,0.228749351575971,0.0574242295697331,1
"512",512,0.509091007502234,2.28333208883617,0.251943250186741,1
"513",513,0.861076642717135,0.0696479523350324,0.48587943704561,1
"514",514,0.362428586287802,0.440392978002733,0.0383178051561117,1
"515",515,0.652488069587803,0.0539559228449451,0.552076841217882,1
"516",516,0.423905174226916,0.0235195537097752,0.15844810539951,1
"517",517,0.0919249460566789,0.20914183522644,0.464635985416776,1
"518",518,0.69709111282534,0.733331239740265,1.30098406126009,1
"519",519,2.17357493365619,0.0285191773202025,0.216984481550753,1
"520",520,0.000709852203726768,0.174913449212909,0.256616159807891,1
"521",521,0.119781800080091,0.0860616050972401,0.680279610191888,1
"522",522,0.447849467375732,1.59423647440019,2.16981192851875,1
"523",523,0.924186758655024,0.988710100720537,1.09743509342181,1
"524",524,0.241913080532779,0.629438012351698,0.0150539290625602,1
"525",525,0.255169870797545,1.52355272565944,0.409610705216428,1
"526",526,0.187067070510238,0.0245678592473269,1.0618451683195,1
"527",527,0.26500925864093,0.717703464398992,0.841809751423907,1
"528",528,0.0461861322763126,0.214835327118635,0.919545048805785,1
"529",529,1.17168616994882,0.0945560275577009,0.351265057292723,1
"530",530,0.0605972734764284,0.689264434834427,0.127434598380604,1
"531",531,0.049778864486143,0.143454249482602,0.276422942057252,0
"532",532,0.422138749135143,2.0761934769221,0.890945056411338,1
"533",533,0.550161630114039,1.03667048826338,0.0806033653304258,1
"534",534,0.618186876622445,0.24255653261207,0.203415874624625,1
"535",535,2.20277817253463,0.325097203720361,0.0859730448573828,1
"536",536,0.23504206747748,0.387260278200215,0.43270952520588,1
"537",537,0.0820901349901612,0.203025119183406,0.328676938079298,1
"538",538,0.872312699742615,0.292930275667459,1.65869400134243,1
"539",539,0.927232330622983,0.0682105870159122,0.824039620412994,1
"540",540,0.0338280505966395,0.00837057864646725,0.0915936785750091,1
"541",541,0.264505135593936,0.099564767209813,0.176037653116509,1
"542",542,0.489760830046094,1.90256104879939,0.206294057970831,1
"543",543,0.515242473666972,1.82274606347758,0.506240248421879,1
"544",544,0.0161392430309206,0.547183540628708,0.725195571945952,1
"545",545,1.33884851721333,0.482084928198704,1.85497563601214,1
"546",546,1.69386825702133,0.820741357239795,0.804751965508517,1
"547",547,0.281135111581534,0.170193079393357,0.402495992217566,1
"548",548,0.369742544952206,0.409306143855161,0.796133149035493,1
"549",549,0.869296887322171,0.0595767133187195,0.284518670290709,1
"550",550,0.669600832255042,0.944375401320768,0.216086612315848,1
"551",551,0.0442867120727897,0.285398019943386,0.00559531757608056,1
"552",552,0.0558173405006528,0.427135453538454,0.047573851821505,1
"553",553,0.792043561073852,0.275874736020342,0.512371351453421,1
"554",554,0.0554741297525814,0.258828178979456,0.397445345742112,1
"555",555,1.22337129798936,0.538975734708315,0.194914817832642,1
"556",556,0.107131036396808,0.859889884437335,0.184114360716194,1
"557",557,0.367260168751186,0.191152332350612,0.643071406499899,1
"558",558,0.452798586317754,0.703813070389342,0.473183861446983,1
"559",559,0.987215090501023,0.940114271785033,0.283558694878593,1
"560",560,0.995591834145498,1.18678161651289,0.237476332113147,1
"561",561,1.94545065135437,0.134498399682343,0.0755881394725293,1
"562",562,1.37994797800885,1.42732762981255,0.0981261604465544,1
"563",563,0.250629071844742,0.325265021063387,0.15437091324253,1
"564",564,0.134952856693417,0.727160593452764,0.582082321846342,1
"565",565,0.139137006126117,0.767702793191226,0.257142945891246,1
"566",566,0.0373745866584802,0.895343542133282,0.0781288554346168,1
"567",567,1.01166076488317,0.903913718606246,0.616534028646952,1
"568",568,0.315022664843127,0.194173807743937,0.876714518251729,1
"569",569,1.26835708965765,0.508086303450832,0.2759327320382,1
"570",570,0.629536222645497,0.80474947298392,0.143489599227905,0
"571",571,1.06746870816353,0.757302287068034,1.08837097224997,1
"572",572,0.284137931236223,0.201804953146818,0.000212450098836447,1
"573",573,0.0920549920496104,0.345053635770455,0.555421201956874,1
"574",574,0.590582917889065,0.318917632335797,0.286505526630208,1
"575",575,0.645642094545982,2.7316022448634,0.58247201934219,1
"576",576,0.597955767975605,0.0145794930867851,0.0142815837432518,1
"577",577,0.553946405940811,0.284970519598573,0.323343899799511,1
"578",578,0.4200403149961,1.66129563740435,0.857345112557423,1
"579",579,0.231560901738703,0.648803733733899,0.146911941838761,1
"580",580,0.0633976955432445,0.375443496288752,0.961209382819843,1
"581",581,0.247922000242397,0.74203449762882,0.86607465795697,1
"582",582,0.797783873056091,0.128828073386103,0.366474647519595,1
"583",583,0.392154806738204,0.150649058148621,0.268345959651701,1
"584",584,0.541869526242322,0.245545428944752,0.240969584556296,1
"585",585,0.484365469289428,0.0744540815312324,0.0492326185086378,1
"586",586,0.512334838488555,0.137221616692841,0.00382152455858886,1
"587",587,0.567665006478733,1.88780904085118,0.0433246248867363,1
"588",588,0.0012256216063864,0.550025529911233,0.434207254999733,1
"589",589,1.18793358926879,0.00250791072600631,0.88981171227516,1
"590",590,0.963283750186575,0.580307401695705,0.239002710906789,1
"591",591,0.455953133285519,0.53525290310145,0.202622327720746,1
"592",592,1.3812690367292,0.0828208511229604,0.243114703102037,1
"593",593,0.00467401137575507,0.00466073695788109,0.0557723180390894,1
"594",594,0.233739470316051,1.06131428008186,0.259286030072375,1
"595",595,0.11733558238484,0.548034348204466,0.0573088605888188,1
"596",596,0.183223194209859,0.448165851624167,0.114395779622798,1
"597",597,0.580123194006688,0.881677361978814,0.0859446313834841,1
"598",598,0.454183179376225,0.215331370010972,0.30122695909813,1
"599",599,0.510680239399904,0.0177877494134009,0.0208081742748618,1
"600",600,0.669337649808681,0.248240954242647,0.95830345987798,1
"601",601,1.0366075541404,0.73551783985914,0.375444463393783,1
"602",602,0.141825531609356,0.507778992389745,2.10341281617496,1
"603",603,0.0885928685249695,0.411757069618857,0.650111197007305,1
"604",604,0.109823272330686,0.228408334543929,1.30248046893551,1
"605",605,0.238178969593719,0.666539268081492,0.200665741265414,1
"606",606,0.160678792744875,0.143650986254215,0.290482552023605,1
"607",607,0.135184452787105,0.0897018882507232,0.108133580642567,1
"608",608,0.0345529685247757,0.635854107306755,1.12225081299649,1
"609",609,1.1617549720984,0.700719695496273,0.196324595038369,1
"610",610,0.0814788488399514,0.157142059877515,0.620307925136244,1
"611",611,1.24066332069443,0.188527306248292,0.805901873160029,1
"612",612,0.583799510707563,0.522835859076536,0.38935767112062,1
"613",613,0.336250323336571,0.349511608158465,0.143402295419946,1
"614",614,0.114291120320559,0.736889081033778,1.60100128865781,1
"615",615,0.418707397279745,1.28592372909055,0.0115283609557459,1
"616",616,0.485625991576767,0.0358352689414089,1.03164462089063,1
"617",617,0.673422587083137,0.029099453007535,0.0292050775803502,1
"618",618,0.0215909851924927,0.118101074825972,0.714123397092235,1
"619",619,0.208656360628083,0.266506935935467,0.167962466133758,1
"620",620,0.0841356993187219,0.605045170502222,0.162911436520517,1
"621",621,0.270170141942799,0.979384023654175,0.111906922422349,1
"622",622,0.537572940324849,0.422058828154063,0.49807131521166,1
"623",623,0.2770401078742,0.905769721562874,0.0626696937003425,1
"624",624,0.118240490059048,0.099624344230177,0.201975051546469,0
"625",625,0.120737691055066,0.280390269355848,0.100075759459287,1
"626",626,0.00239307014271617,0.507886116371906,0.659249827710396,1
"627",627,0.128231654176489,0.585222280606343,0.283814928261563,1
"628",628,0.730317872831914,0.845193210015905,0.150562244467437,1
"629",629,1.21009980415212,1.34467273478614,0.173318956745788,1
"630",630,0.037990529788658,0.366166479590098,0.869865838396263,1
"631",631,0.0290468090679497,0.156646721065044,0.117808959446847,1
"632",632,1.73085363200846,0.314163021408652,0.135786916362122,1
"633",633,0.235026759328321,0.265590320341289,0.0912229067180306,0
"634",634,1.20711004262077,0.457134073579168,0.0999834020622075,1
"635",635,0.00851280739829213,0.396055165191597,0.301478384528309,1
"636",636,0.121893723728135,0.112937645055354,0.503199635506765,1
"637",637,0.62310318041355,0.949371879878354,0.322635033167899,1
"638",638,0.428161229451603,0.602041751538991,0.139911860227585,1
"639",639,0.111375070511941,0.350400857078689,0.710846099366162,1
"640",640,0.153696835506707,0.204918224364519,0.115723412452297,1
"641",641,0.0948051121085882,0.286390515509993,0.201734220143408,1
"642",642,0.68506304451958,2.16897151792858,1.01496564685823,1
"643",643,0.891805331180704,1.14958910544621,0.994371230672014,1
"644",644,0.254275681916624,0.206224545370787,0.217230413807556,1
"645",645,0.902321258517814,0.138331664400352,0.513727517777538,1
"646",646,0.211079012136906,0.189985316712409,0.777960934634221,1
"647",647,0.327180590713397,0.113104291493073,0.178830240370166,1
"648",648,0.0827537945006043,0.166693575447425,0.0399820306884266,1
"649",649,0.0540304878935681,0.0249773203395307,0.50604690981791,1
"650",650,1.3177770030986,0.970032826955331,0.072897489182651,1
"651",651,0.100972602662391,0.0762820928091668,0.449491970661615,1
"652",652,0.40215626827241,0.647749596720046,0.120416881283745,1
"653",653,0.216872513527051,0.0225618065372999,0.0991536336752824,1
"654",654,0.0818276022457542,0.40951091328398,1.17865639148479,1
"655",655,0.675149897092438,0.178168381445395,0.889261607038689,1
"656",656,0.0528621955633154,0.0849495261402865,0.499758774393654,1
"657",657,0.173898200070222,1.60619884348455,0.254736940842122,1
"658",658,0.403921230031529,0.362926764723591,0.0600422520656139,1
"659",659,0.987321755806816,0.286731351399794,0.101012193597853,1
"660",660,1.0928260554546,0.184133776254761,0.40957904558391,1
"661",661,0.791677809278381,0.578317508080459,0.464727193561798,1
"662",662,0.41379171369786,0.236480470281094,1.68176872274818,1
"663",663,0.198077186325853,0.264053046004847,0.0414409537333995,1
"664",664,0.66024355249441,0.21544100670144,0.417980553561306,1
"665",665,1.57320503509584,0.14392841164954,0.798906969795835,1
"666",666,1.08562481483835,0.0873270343121415,0.603309899081892,1
"667",667,0.385289579697456,2.17478079021789,1.20126721163498,1
"668",668,0.856279311659646,0.301066353684291,0.582979213891035,1
"669",669,0.81968363463403,0.189038554763611,0.182574137308791,1
"670",670,0.273389705456793,0.606267224510616,0.950529827694309,1
"671",671,0.219178445911368,0.242058487457215,0.405046111417419,1
"672",672,0.631930519805706,0.545347750631577,0.958551076198828,1
"673",673,0.320252309553325,0.561380354200906,0.476622210794544,1
"674",674,0.772001767489028,0.249504803912714,0.0719853413756937,1
"675",675,0.868967561940563,0.903103329199267,0.502488533013916,1
"676",676,0.929269256744408,0.0907790013588965,0.0161682527453903,1
"677",677,0.474873829146332,1.75966919368373,0.266322919167578,1
"678",678,0.165421460000729,1.08193882687402,1.07783031326353,1
"679",679,0.258215720532462,0.375313479897982,0.108266179682687,0
"680",680,0.295239059254527,0.509810311233109,0.463512564056969,1
"681",681,0.0651101895802112,0.132364418590441,1.46242120481076,1
"682",682,0.111021818360314,0.201560885412619,0.39144220992685,1
"683",683,0.0592856331831052,1.38179219042169,0.394715463255948,1
"684",684,0.418059836120761,1.6593707165772,0.065621086435645,1
"685",685,0.276037599425763,0.593860338421023,0.952546826521766,1
"686",686,0.279761075973511,0.652384452966458,0.0225649542886683,1
"687",687,0.156023039482534,1.11406347705372,0.412777356316751,1
"688",688,0.338226100197062,0.382123997607428,0.721977385650289,1
"689",689,0.618504643884903,0.329769416246563,1.96368141482196,1
"690",690,0.961449024225486,0.206000267295167,0.646977853474623,1
"691",691,0.0318294553490663,0.327938379719853,1.23449337755548,1
"692",692,0.819358363705588,1.11817902972208,0.780595389152777,1
"693",693,0.705190817783487,0.24152632954207,0.161422383505851,1
"694",694,0.297666580649093,0.226109013194218,1.09870571171151,1
"695",695,0.459383136571801,0.0403551803172092,0.194265959510769,1
"696",696,0.175529835280031,0.219191285548732,0.557621957713223,1
"697",697,2.2194765153012,1.21436358143793,0.427767707479602,1
"698",698,0.43224680002541,1.13936453585731,2.07065266639668,1
"699",699,0.540856081505722,0.138374024730406,1.08401639345234,1
"700",700,0.0728920411784202,0.298383570276201,0.134918775875121,1
"701",701,0.095784714060805,0.696777803781343,0.602179848246817,1
"702",702,0.120253545446419,0.321927563520148,1.19459312123464,1
"703",703,0.463883230441666,1.17372945049526,0.891844050916743,1
"704",704,0.0471039023625346,1.02741652350397,0.102335873059928,1
"705",705,0.630754323640163,0.169883009046316,0.930272644312209,1
"706",706,0.274195602629334,0.24352019364395,0.199387359432876,1
"707",707,0.405731732794796,0.0391314508798565,0.451595879138863,1
"708",708,1.80155396071284,0.0502209048718214,0.20772916264832,1
"709",709,0.799256935673666,0.159138234099373,0.0286193969659507,1
"710",710,0.503113616236901,1.44035090125146,0.122043720606044,1
"711",711,0.0321532704366372,0.23409699741751,0.576547560726708,1
"712",712,0.761848476673377,0.102456545690075,0.198380173649639,1
"713",713,0.713794474447978,0.220184644451365,0.970463100778771,1
"714",714,0.374893645475544,1.36377465439247,0.871992121408594,1
"715",715,2.79976316176127,0.0525986624415964,0.241069092880934,1
"716",716,0.0023169800657143,0.190998451318592,0.36587630684673,1
"717",717,0.55853035438568,0.300789212808013,1.92494150438229,1
"718",718,0.0564999183294285,0.685416042318052,0.274070509238624,1
"719",719,0.554550907087928,0.694672339553845,0.881542384582472,1
"720",720,0.0234978597098366,0.24697588593699,0.11140479054302,1
"721",721,0.722390100471962,0.0504741529002786,1.00650781295718,1
"722",722,0.533627432284361,0.48492470148713,0.236037855036557,1
"723",723,0.113003586884588,0.641007679027921,0.39900950458574,1
"724",724,0.133740195771679,0.350217874606556,0.670531296150243,1
"725",725,0.141508099046894,0.604859945870738,0.440740803235626,1
"726",726,0.159927022643387,0.0588324074191502,0.0211897913832217,1
"727",727,0.11543276021257,0.0926484891964512,0.529823352561748,1
"728",728,0.704588672104192,0.535533430440592,0.145146921277046,1
"729",729,1.26983341102706,0.836512346076729,0.235820013098419,1
"730",730,0.128280754843619,0.324886612361297,0.872409492689085,1
"731",731,0.23187162540853,1.0724782754276,0.198650181526318,1
"732",732,0.0862730193406504,0.0937273490437357,0.539164457914835,1
"733",733,0.126255131125494,0.200691091828048,0.406109787990215,1
"734",734,0.960264755370927,0.698448922962987,0.341304170666263,1
"735",735,1.35766723466324,0.541857123819596,1.69934945917668,1
"736",736,0.248525397113861,0.0964863823693363,1.31190679122912,1
"737",737,0.184676615092511,1.39943856317859,0.340426734182984,1
"738",738,0.421646019422865,0.0464820866473019,0.510428883114314,1
"739",739,0.625302037203169,2.05971963972527,0.337064020568505,1
"740",740,0.983758065807533,0.0281629737000912,0.228574685752392,1
"741",741,0.0210862071253359,0.384244085901707,0.271314635174349,0
"742",742,0.0218249565858115,0.308542429469526,0.372883821518133,1
"743",743,0.433062219736157,0.327834110474214,0.714758109259319,1
"744",744,0.121796306089677,1.10828356345402,0.484497688224024,1
"745",745,0.871693895156396,1.49508817112985,0.278557555982843,1
"746",746,0.433104008415198,0.00726648345019424,0.032148472731933,0
"747",747,0.050414645989732,0.0871684602461755,0.788200285243702,1
"748",748,0.12513816645237,0.299859105376527,0.425583980490869,1
"749",749,0.0913737958762795,0.0524753807112575,0.658191681818521,1
"750",750,1.26507508655297,1.1714903236668,0.141101674176753,1
"751",751,1.53311389676275,0.382675245383239,2.09522507513378,1
"752",752,0.486558778656131,0.134073565714061,0.83246784336088,1
"753",753,0.164704643655568,0.911637771832657,0.566960365943636,1
"754",754,1.06706073594497,0.0220789909098893,0.00557623505334382,1
"755",755,0.486428122946477,0.516070763093835,1.09041785152238,1
"756",756,0.0723781895358115,0.0123701803386211,0.141120143552489,1
"757",757,0.371071891372508,0.315112293930724,0.554764310808337,1
"758",758,0.189684206619859,0.00766545232216673,0.504791400011518,1
"759",759,1.16321325761484,0.652591939528889,0.0561567032709718,1
"760",760,0.901742624076915,0.0556088648736477,0.0537295548710972,1
"761",761,3.3771808061721,0.136568725807592,0.497169193325049,1
"762",762,0.098038233583793,1.01276863827826,0.294727282132953,1
"763",763,0.29172808630392,0.11777313798666,0.544198532567775,1
"764",764,0.627200628144151,0.756784964148666,0.378035525770342,1
"765",765,0.921210202346456,0.264076726511121,0.85827034055711,1
"766",766,0.326498171081766,0.133442816091701,0.536644749788052,1
"767",767,1.39526147386971,1.24055070703136,0.0683841062351582,1
"768",768,0.774297334211779,0.3987254557112,0.12216721707955,1
"769",769,0.0844830966692726,0.229695754824206,0.579470406265414,1
"770",770,0.0829436087707653,0.620695129947221,0.441113681511438,1
"771",771,0.0927431997843087,0.0627744989469647,0.121871702605858,1
"772",772,0.0075034445617348,1.19863823701845,0.692507693057364,1
"773",773,0.277581379748881,0.179336856817827,0.451156037503921,1
"774",774,0.92913749251039,0.599663393347578,0.944698797496867,1
"775",775,0.027923589096201,0.0569903065916151,0.237001609753947,1
"776",776,0.190899618116804,0.209646849660203,0.472926272989667,1
"777",777,0.318109688349068,0.0907859579577669,0.139670139134895,1
"778",778,0.171100080934562,0.461558395510024,0.813362306873214,1
"779",779,1.15802752821063,0.142459739930928,0.356747577411538,1
"780",780,0.454994737149632,0.720992476637376,0.0134301542378961,1
"781",781,0.281660554697737,0.292631567222998,0.363647004568434,1
"782",782,0.322852861136198,0.729993876959098,0.325491770869121,1
"783",783,0.659350329057729,0.613031382651484,0.413332732838994,1
"784",784,0.548533891772336,0.00540630333125591,0.228819463867694,1
"785",785,0.118248116995494,0.434480608419931,0.167014272185043,1
"786",786,0.0979850876610726,0.44702021013607,0.800036430316878,1
"787",787,1.15525718092622,0.0593361940700561,2.27668013597343,1
"788",788,1.66263694307747,0.583397196119136,0.423696498365557,1
"789",789,0.268030927982181,0.463146878851062,0.199196042119002,1
"790",790,0.204249754780903,1.91077049345452,0.759892241055978,1
"791",791,0.44335805951534,0.0237573717942747,0.154257075579664,1
"792",792,1.16241674584554,0.594487587385868,0.108799652142903,1
"793",793,1.24037892830776,0.289692957885563,1.9308834177323,1
"794",794,1.07233051557738,0.0151937699578816,0.0942758472816812,1
"795",795,0.136165760923177,0.0144946784980826,0.210811674594879,1
"796",796,0.168914851156685,0.344796963967383,0.0215473069851444,1
"797",797,0.384956755322476,0.0138224472205556,0.00354364514350891,1
"798",798,1.14684034970807,0.985873185987485,0.576150210553265,1
"799",799,0.307639236857886,0.0687512725125998,0.598561977883551,1
"800",800,0.621868251336223,1.74965787202793,0.37987417958439,1
"801",801,0.396672974319613,0.275461145443842,0.268509840127081,1
"802",802,0.39148189995295,0.391851535045958,0.256846715463325,1
"803",803,0.0473140568938106,0.911515291788444,1.17161140864002,1
"804",804,0.036999752977863,0.0210859524086118,0.284554930636659,1
"805",805,0.48625700266794,0.469050897922061,0.2869878760539,1
"806",806,0.111224091819856,0.427012247012413,0.0437625735066831,1
"807",807,0.814626166618459,0.204414475476369,0.345287920208648,1
"808",808,1.45072405799745,0.0315284989609657,0.0579864660028526,1
"809",809,0.139048694865778,0.0159378848038614,0.00381165742874146,1
"810",810,0.236774163553491,0.577153100061196,0.240847776643932,1
"811",811,0.530446073019362,0.123530466808006,0.426324870416379,1
"812",812,0.0365932986605912,0.697443464728904,0.119708897313103,1
"813",813,0.719957739974831,0.787811676811262,0.442561096138792,1
"814",814,0.714589779223216,0.219329778337851,0.0601902188478838,1
"815",815,0.333274508826435,0.176167397061363,0.46741614861176,0
"816",816,0.0618387174326926,0.233615939505398,0.484853132141239,1
"817",817,1.11898116854237,0.169164158891094,0.241450593341142,1
"818",818,0.478735558667636,0.779993845107866,0.00770207982143958,1
"819",819,1.19720612739431,0.929217624436033,0.177796032978222,1
"820",820,0.0472531379200518,0.72799718934567,0.0663633705116808,1
"821",821,0.662465056383467,0.0724754680413753,1.77397294353884,1
"822",822,0.221357957692817,0.16399939688958,0.13307922729291,1
"823",823,0.311432563466951,0.495933984850949,0.537371353475911,1
"824",824,0.341413242742419,0.271999489283189,0.251777580473572,1
"825",825,0.0703458595089614,0.115518200269185,0.462686577325171,1
"826",826,1.06557932416633,0.0358038560627795,0.514519932193166,1
"827",827,0.259001350263134,0.316470023710281,0.0291859519789227,1
"828",828,0.0511906445026398,0.0424399334905361,0.282536240933512,1
"829",829,0.22344357939437,0.0659070071445952,0.0455007225486207,1
"830",830,0.251325188691645,0.326886467740387,0.0974285636067342,1
"831",831,0.0667568876680424,0.65341701961816,1.57795087612214,1
"832",832,1.98941164732653,1.0854435590397,0.28178682224825,1
"833",833,0.0184282492846251,0.668202609734094,0.478853519519276,1
"834",834,0.756531327802228,0.0582407810725272,0.015437847469002,1
"835",835,1.08543875028584,1.21980012853848,0.416443072238422,1
"836",836,0.398001248892832,0.0160553562454879,0.268597775138915,1
"837",837,0.806062954771103,0.432608020005232,0.115237975595031,1
"838",838,0.512681604799305,0.0680501277092844,1.41052123436587,1
"839",839,0.821725845294905,0.085813841099698,0.0785805019550025,1
"840",840,0.254935266450047,0.226057754829526,0.546747530323869,1
"841",841,0.15324984339616,0.213088001314828,1.18901257303761,1
"842",842,0.27970687369816,0.446351909331547,0.429665330653395,1
"843",843,0.107027371181175,0.0940228086279393,0.095815323991701,1
"844",844,0.513884378110474,0.498910312875732,1.26318113220142,1
"845",845,0.966450528199685,0.153931261404898,0.416063002751229,1
"846",846,0.073239445220679,0.174647553878795,0.868841993580473,1
"847",847,0.215801415033638,1.53078556797447,0.351192460264508,1
"848",848,0.169652130313986,0.421305952511451,4.09311984921984,1
"849",849,0.364824058001345,0.237984144128859,0.0930638231802732,1
"850",850,0.0191535788843739,0.150119272767653,0.75116380951823,1
"851",851,0.0495793307200074,1.22601325151728,0.212472386891022,1
"852",852,0.115440404973924,0.106895243283361,0.00791949116504989,1
"853",853,0.782755691087886,0.022308501182124,2.39058552111003,1
"854",854,1.05324472676137,0.0991232357919216,0.25620408550096,1
"855",855,0.946884514721942,1.36459986207293,0.17072082683444,1
"856",856,0.00282522127963603,0.213931231759489,0.877776664639723,1
"857",857,0.021136369169666,0.0873250314034522,0.277422538725659,1
"858",858,0.000117254121764546,0.0932210506871343,0.303195249754936,1
"859",859,0.211273837834597,0.145303369499743,0.00728815426871682,1
"860",860,0.245103291235864,0.287653829436749,0.516459095270789,1
"861",861,1.51581026853724,0.039591884939,0.0165704554681111,1
"862",862,0.261757558444515,0.10196643252857,0.00266056484542787,1
"863",863,0.362452277892685,0.49456246881089,0.063829009886831,1
"864",864,0.267597434559745,0.180100025609136,1.08169110298088,1
"865",865,0.917635585139406,0.851055469321919,0.815872537861479,1
"866",866,0.0731627924845861,0.337141138501465,0.215980983572081,1
"867",867,1.63729763767662,0.149893026333302,1.25724103016065,1
"868",868,0.328831621212885,0.53540136523307,0.0619288354071515,1
"869",869,0.697130042333151,0.192335695261136,0.648293263257897,1
"870",870,0.131982127806882,0.125098182121292,0.273702274076641,1
"871",871,0.00512826812977,0.586157002465284,0.252435376770652,1
"872",872,0.5504657192877,0.377453920440341,0.340325812809169,1
"873",873,1.63447475424948,0.79875478493839,0.0924828348215669,1
"874",874,0.562650533372021,1.37522551504182,0.0497944659430349,1
"875",875,0.0711299144700676,2.08041051948879,0.793672423755305,1
"876",876,0.0658326803240925,0.795830179761703,0.0627121763609126,1
"877",877,0.693791476036322,0.893163822549296,0.863286515655828,1
"878",878,0.612764112314483,0.105640917091938,0.238029748755102,1
"879",879,0.445898424347347,0.151777046965435,0.705040642587353,1
"880",880,0.547727443051244,0.452492245917624,0.254441417277618,1
"881",881,0.0782595789853315,0.104443135671318,1.00558048203112,1
"882",882,1.08511070062624,0.0851404549446406,0.103049227036536,1
"883",883,0.274546646280214,1.68529636333844,0.350115335059768,1
"884",884,0.0709313141060645,0.301958365365863,0.0586014853324741,1
"885",885,0.446778915131112,0.672226447591043,0.157582958253683,1
"886",886,0.130317250266671,0.294132041911597,1.2041122027974,1
"887",887,0.52839314190433,0.509648829211897,0.518369514008469,1
"888",888,0.761040740604413,0.13327472563833,0.195443997858092,1
"889",889,0.173112632008269,0.0684103271678636,0.41337077455582,1
"890",890,0.19922683108598,0.0390576489735395,0.00223494321107864,1
"891",891,0.15373535011895,0.0974228526465595,0.0424010941974462,1
"892",892,0.549550090830038,0.090773557871818,1.01759557887436,1
"893",893,0.12640674971269,0.0967935924418271,0.352034812538989,1
"894",894,1.00357014681668,1.75961332292038,0.236497780471415,1
"895",895,0.38868885624916,0.172596578951925,0.907469602724814,1
"896",896,0.0521150461863726,0.0302317722234875,0.237438172800466,1
"897",897,0.677406230454749,0.426943016683167,0.128231630427763,1
"898",898,0.0594560040626675,0.820050413430193,0.0739632421173155,1
"899",899,0.100775895407423,0.485468922709107,1.38813664755764,1
"900",900,0.22903208799028,0.380169367064401,0.280069951666519,1
"901",901,0.0751767549663782,0.542909953256554,0.00732015632092953,1
"902",902,0.427482084350145,0.0360345255004984,1.32946619850801,1
"903",903,0.629162113161242,0.682577875421798,1.34773505565928,1
"904",904,2.46158085295363,0.360144780869941,0.433877102078354,1
"905",905,0.0769665113184601,0.291088850237429,0.118493513945979,1
"906",906,1.73041085517945,0.144584812456742,0.0858346700486513,1
"907",907,0.837946884963816,1.52466399214211,0.316743147792295,1
"908",908,0.152625806629658,0.422768601195371,0.703882372725215,1
"909",909,0.217798412773327,2.27607228780601,1.4664043522531,1
"910",910,0.313151984708384,0.528148245976722,0.959114141720247,1
"911",911,0.239701933925971,0.106885551813777,0.697036675135505,1
"912",912,0.208369505591691,1.93258357640574,0.969184788833273,1
"913",913,0.821889215776612,0.240739497821778,0.263333538314328,1
"914",914,0.104411116568372,0.618528129046267,0.0239470372907817,1
"915",915,0.522176024483001,0.371735315180427,0.400453270391977,1
"916",916,0.30586857162416,0.589170848359065,1.52077080673518,1
"917",917,0.040486121783033,0.38333412366553,0.246825577924028,1
"918",918,1.16054655139552,2.09381621504638,0.169902221980424,1
"919",919,0.0404024143401847,1.70408915719929,0.064167735632509,1
"920",920,0.0504139026161283,0.0771864305851966,0.00375662185251713,0
"921",921,0.311913542449474,0.756265722173166,0.922494711179166,1
"922",922,0.142771966988221,1.40812357417823,0.167388390284032,1
"923",923,0.251078652450815,0.216639933432286,0.142241605001754,1
"924",924,0.12418194161728,0.115920872194692,0.602015381657934,1
"925",925,0.814555213870529,0.482075529152012,0.500506839071588,1
"926",926,0.101803080411628,0.0665063881315291,0.0985584268061725,1
"927",927,0.488470453203266,1.09728210878776,1.07828492571818,1
"928",928,0.0541665847413242,0.904317721682501,0.662092494757331,1
"929",929,0.112085303166944,0.910502996253681,0.362405247499651,1
"930",930,1.62688934794607,0.441320691236711,0.696066834921849,1
"931",931,0.0737307495437562,0.791381572331202,0.698518358683417,1
"932",932,0.259717035107315,1.4401089324707,0.197851359378546,1
"933",933,0.440642296315587,0.529478961115188,0.616926673313087,1
"934",934,0.154162538137774,0.104330215137452,1.66006399682703,1
"935",935,0.70520988568188,0.265077455900609,0.0260029478770714,1
"936",936,1.22099817631053,0.847030702936363,0.527229426873332,1
"937",937,0.0964303437769715,0.241447338135913,0.195200378308073,1
"938",938,1.56888627625051,0.245145803550258,0.0614271843501692,1
"939",939,0.120579004986212,0.135153145063668,0.446225348839021,1
"940",940,0.764404390896571,0.60515783762121,0.0362035689237703,1
"941",941,0.127343172440305,0.103134191595018,0.171553094871342,1
"942",942,0.128783259307966,0.241700512589887,0.228027155959376,1
"943",943,0.743459753650141,0.186649302951992,0.0159545215652463,1
"944",944,0.0987905003130436,0.623931404183305,0.113530087638159,1
"945",945,0.145638279151171,0.30079758586362,0.0213811527937651,1
"946",946,0.0359916938468814,0.688198183176524,0.255652046529576,1
"947",947,0.0493760056077901,0.69668799770741,0.279584528179839,1
"948",948,0.468034763799465,0.259060007752851,0.18714121892117,1
"949",949,0.254781396212503,0.154977119760588,0.95360187530042,1
"950",950,0.935604820917261,0.0150301405228674,0.882385620805335,1
"951",951,0.4562568035698,0.328505354933441,0.944079402792168,1
"952",952,0.700387049941371,0.331460932269692,0.342045437311754,1
"953",953,0.185068532824516,0.31028099078685,0.106414808426052,1
"954",954,1.37853339587556,0.919703031848085,1.07224607927011,1
"955",955,0.146040270105004,0.694047183187817,0.0902789137066381,1
"956",956,0.927835645112109,1.18883159098433,0.212823094334453,1
"957",957,0.154461316531524,0.454206867115085,1.42739072433653,1
"958",958,0.0419448633472621,1.20032209262173,0.148566399002448,1
"959",959,0.32144291093573,0.174442463219269,0.80684708706559,1
"960",960,0.660529280526048,0.837457533883763,0.281690858770162,1
"961",961,0.0185854318551719,0.207010152051225,0.421166390159583,1
"962",962,0.0497869974875464,0.0681058717891574,0.332693069474772,1
"963",963,1.37675272015141,0.226036226418085,0.161098169628531,1
"964",964,0.00617675110697746,0.102363204317753,0.04835982946679,1
"965",965,1.80852473257474,2.39945379818294,0.59680090935663,1
"966",966,0.172651611734182,0.0813963399268687,0.0472628928157553,1
"967",967,0.329724292969331,0.226332865655422,0.199599727056921,1
"968",968,0.0354376157680204,2.39250315154407,0.566813498638152,1
"969",969,0.686561424264169,0.0840173122577177,0.0647799577564001,1
"970",970,0.272113160695881,0.181192128919065,1.20499468547229,1
"971",971,0.287517909891903,0.218599762069061,0.139649299131008,1
"972",972,0.494792451874359,0.449144114719188,0.305056748911738,1
"973",973,0.684165495892471,0.521137828917658,0.146515901433304,1
"974",974,0.0510316011495888,0.905525638176196,0.573661763665682,1
"975",975,1.14050444116102,0.295967886922881,0.228122916771099,1
"976",976,0.142034254502505,0.962106777313066,0.601599473485208,1
"977",977,0.970210037354087,1.4223275904495,0.367071910740292,1
"978",978,0.724295978512041,0.113148127682507,0.0764294077991483,1
"979",979,0.00396670657210052,0.625779667382544,0.0400886763818562,1
"980",980,2.07249737799841,0.263911019568319,0.645827514564103,1
"981",981,0.241780403302982,0.0929716585669667,0.554369105005121,1
"982",982,0.00866187619976699,2.53612678576459,0.598673770183182,1
"983",983,0.0163054722361267,0.149175211787224,0.142785364994779,1
"984",984,0.732289110268367,0.123412934917224,0.684973213800645,1
"985",985,0.881041083442879,0.524922066451894,0.431382300359947,1
"986",986,0.00647404444677707,0.403863827211267,0.14377472223714,1
"987",987,0.463486991336054,1.71800388759913,0.070238190703094,1
"988",988,0.0485772525422571,0.0143440926913172,0.198114696191624,1
"989",989,0.329104042146355,0.0537871341221035,0.42703920973227,1
"990",990,0.167773904511705,0.148729305947199,0.245431162649766,1
"991",991,0.637342454378909,0.624419772976494,0.572288931732963,1
"992",992,0.898163376334024,0.0468714924585319,0.776952888300272,1
"993",993,0.394720035118467,0.100809837225825,0.225647759975907,1
"994",994,0.159391045104712,0.0792416310138259,1.38290677492725,1
"995",995,0.406629729880036,0.1219013473019,0.455887117402113,1
"996",996,0.482892267639884,0.0941500812768936,0.0210346600506455,1
"997",997,1.66620570785346,0.204557240380237,0.0397090211044997,1
"998",998,0.678763786775476,0.142655451717463,0.380545058359789,1
"999",999,0.420607119753256,0.528911693466312,0.540395110824561,1
"1000",1000,0.334373345831409,0.135471288796211,0.277468864107504,1
